,document_id,annotation_text,dbPediaIri,locations
0,0recipe1006,Cream cheese,http://dbpedia.org/resource/Cream_cheese,"[(3, 12)]"
1,0recipe1006,Cheese,http://dbpedia.org/resource/Cheese,"[(4, 6), (67, 6), (78, 6)]"
2,0recipe1006,Beef,http://dbpedia.org/resource/Beef,"[(6, 4)]"
3,0recipe1006,Olive,http://dbpedia.org/resource/Olive,"[(8, 5)]"
4,0recipe1006,Onion,http://dbpedia.org/resource/Onion,"[(10, 5)]"
5,0recipe1006,Worcestershire,http://dbpedia.org/resource/Worcestershire,"[(13, 14)]"
6,0recipe1006,Worcestershire sauce,http://dbpedia.org/resource/Worcestershire_sauce,"[(13, 20), (14, 20)]"
7,0recipe1006,Walnut,http://dbpedia.org/resource/Walnut,"[(63, 6), (71, 6)]"
8,0recipe1013,Baking,http://dbpedia.org/resource/Baking,"[(16, 6)]"
9,0recipe1013,Artichoke,http://dbpedia.org/resource/Artichoke,"[(20, 9), (20, 9)]"
10,0recipe1013,Mozzarella,http://dbpedia.org/resource/Mozzarella,"[(23, 10), (23, 10)]"
11,0recipe1013,Cheese,http://dbpedia.org/resource/Cheese,"[(24, 6), (27, 6)]"
12,0recipe1013,Parmigiano Reggiano,,"[(26, 19), (26, 19)]"
13,0recipe1013,Mayonnaise,http://dbpedia.org/resource/Mayonnaise,"[(29, 10)]"
14,0recipe1013,Almond,http://dbpedia.org/resource/Almond,"[(44, 6)]"
15,0recipe1013,Tortilla chip,http://dbpedia.org/resource/Tortilla_chip,"[(51, 13), (52, 13)]"
16,0recipe1046,Water,http://dbpedia.org/resource/Water,"[(6, 5), (19, 5)]"
17,0recipe1046,Sun-dried tomato,http://dbpedia.org/resource/Sun-dried_tomato,"[(15, 16), (94, 16), (115, 16)]"
18,0recipe1046,Tomato,http://dbpedia.org/resource/Tomato,"[(16, 6), (95, 6), (116, 6)]"
19,0recipe1046,Cream,http://dbpedia.org/resource/Cream,"[(37, 5), (82, 5), (108, 5)]"
20,0recipe1046,Cream cheese,http://dbpedia.org/resource/Cream_cheese,"[(37, 12), (82, 12), (108, 12)]"
21,0recipe1046,Cheese,http://dbpedia.org/resource/Cheese,"[(38, 6), (55, 6), (66, 6), (83, 6), (109, 6), (122, 6), (125, 6), (154, 6)]"
22,0recipe1046,Garlic,http://dbpedia.org/resource/Garlic,"[(40, 6), (85, 6), (111, 6)]"
23,0recipe1046,Cheesecloth,http://dbpedia.org/resource/Cheesecloth,"[(55, 11), (125, 11), (154, 11)]"
24,0recipe1046,Provolone,http://dbpedia.org/resource/Provolone,"[(65, 9), (65, 9), (102, 9), (121, 9), (121, 9)]"
25,0recipe1046,Pesto,http://dbpedia.org/resource/Pesto,"[(74, 5), (105, 5)]"
26,0recipe1046,Olive oil,http://dbpedia.org/resource/Olive_oil,"[(142, 9)]"
27,0recipe1058,Garlic,http://dbpedia.org/resource/Garlic,"[(2, 6)]"
28,0recipe1058,Salt,http://dbpedia.org/resource/Salt,"[(5, 4), (88, 4)]"
29,0recipe1058,Seafood,http://dbpedia.org/resource/Seafood,"[(16, 7)]"
30,0recipe1058,Chickpea,http://dbpedia.org/resource/Chickpea,"[(21, 8), (21, 8)]"
31,0recipe1058,Bean,http://dbpedia.org/resource/Bean,"[(22, 4), (37, 4)]"
32,0recipe1058,Tahini,http://dbpedia.org/resource/Tahini,"[(24, 6)]"
33,0recipe1058,Lemon,http://dbpedia.org/resource/Lemon,"[(26, 5), (26, 5)]"
34,0recipe1058,Honey,http://dbpedia.org/resource/Honey,"[(29, 5)]"
35,0recipe1058,Olive oil,http://dbpedia.org/resource/Olive_oil,"[(54, 9), (54, 9), (55, 9), (78, 9), (78, 9), (79, 9)]"
36,0recipe1058,Pita,http://dbpedia.org/resource/Pita,"[(74, 4)]"
37,0recipe1058,Bread,http://dbpedia.org/resource/Bread,"[(75, 5)]"
38,0recipe1058,Rosemary,http://dbpedia.org/resource/Rosemary,"[(91, 8)]"
39,0recipe1058,Hummus,http://dbpedia.org/resource/Hummus,"[(107, 6)]"
40,0recipe106,Oven,http://dbpedia.org/resource/Stove,"[(2, 4), (160, 4)]"
41,0recipe106,Chicken,http://dbpedia.org/resource/Chicken,"[(20, 7), (97, 7), (135, 7)]"
42,0recipe106,Cumin,http://dbpedia.org/resource/Cumin,"[(26, 5)]"
43,0recipe106,Frying pan,http://dbpedia.org/resource/Frying_pan,"[(34, 10)]"
44,0recipe106,Vegetable oil,http://dbpedia.org/resource/Cooking_oil,"[(36, 13), (36, 13), (37, 13), (49, 13), (90, 13)]"
45,0recipe106,Maize,http://dbpedia.org/resource/Maize,"[(45, 5)]"
46,0recipe106,Corn tortilla,http://dbpedia.org/resource/Corn_tortilla,"[(45, 13)]"
47,0recipe106,Tortilla,http://dbpedia.org/resource/Tortilla,"[(46, 8), (66, 8), (80, 8), (104, 8), (114, 8), (133, 8), (153, 8), (156, 8), (168, 8)]"
48,0recipe106,Cheese,http://dbpedia.org/resource/Cheese,"[(108, 6), (144, 6)]"
49,0recipe1078,Cream cheese,http://dbpedia.org/resource/Cream_cheese,"[(2, 12)]"
50,0recipe1078,Cheese,http://dbpedia.org/resource/Cheese,"[(3, 6)]"
51,0recipe1078,Meat,http://dbpedia.org/resource/Meat,"[(6, 4), (22, 4)]"
52,0recipe1090,Mayonnaise,http://dbpedia.org/resource/Mayonnaise,"[(9, 10)]"
53,0recipe1090,Milk,http://dbpedia.org/resource/Milk,"[(12, 4)]"
54,0recipe1090,Cream,http://dbpedia.org/resource/Cream,"[(20, 5)]"
55,0recipe1090,Cream cheese,http://dbpedia.org/resource/Cream_cheese,"[(20, 12)]"
56,0recipe1090,Cheese,http://dbpedia.org/resource/Cheese,"[(21, 6), (32, 6)]"
57,0recipe1090,Cheddar cheese,http://dbpedia.org/resource/Cheddar_cheese,"[(31, 14), (31, 14)]"
58,0recipe1090,Almond,http://dbpedia.org/resource/Almond,"[(59, 6)]"
59,0recipe1102,Rice,http://dbpedia.org/resource/Rice,"[(2, 4), (21, 4), (147, 4)]"
60,0recipe1102,Water,http://dbpedia.org/resource/Water,"[(5, 5), (87, 5), (124, 5)]"
61,0recipe1102,Lamb and mutton,http://dbpedia.org/resource/Lamb_and_mutton,"[(19, 15), (38, 15)]"
62,0recipe1102,Allspice,http://dbpedia.org/resource/Allspice,"[(23, 8)]"
63,0recipe1102,Salt,http://dbpedia.org/resource/Salt,"[(25, 4)]"
64,0recipe1102,Black pepper,http://dbpedia.org/resource/Black_pepper,"[(27, 12)]"
65,0recipe1102,Garlic,http://dbpedia.org/resource/Garlic,"[(82, 6)]"
66,0recipe1102,Lemon,http://dbpedia.org/resource/Lemon,"[(97, 5), (97, 5)]"
67,0recipe1102,Olive,http://dbpedia.org/resource/Olive,"[(102, 5)]"
68,0recipe1102,Boiling,http://dbpedia.org/resource/Boiling,"[(129, 7)]"
69,0recipe1102,Grape,http://dbpedia.org/resource/Grape,"[(151, 5)]"
70,0recipe1102,Grape leaves,http://dbpedia.org/resource/Grape_leaves,"[(151, 12)]"
71,0recipe1110,Beetroot,http://dbpedia.org/resource/Beetroot,"[(3, 8), (3, 8), (45, 8), (62, 8), (89, 8)]"
72,0recipe1110,Brown sugar,http://dbpedia.org/resource/Brown_sugar,"[(13, 11)]"
73,0recipe1110,Sugar,http://dbpedia.org/resource/Sugar,"[(14, 5)]"
74,0recipe1110,Vinegar,http://dbpedia.org/resource/Vinegar,"[(16, 7)]"
75,0recipe1110,Water,http://dbpedia.org/resource/Water,"[(18, 5)]"
76,0recipe1110,Salt,http://dbpedia.org/resource/Salt,"[(20, 4)]"
77,0recipe1110,Clove,http://dbpedia.org/resource/Clove,"[(22, 5)]"
78,0recipe1110,Cinnamon,http://dbpedia.org/resource/Cinnamomum_verum,"[(26, 8)]"
79,0recipe1110,Egg,http://dbpedia.org/resource/Egg,"[(70, 3), (95, 3)]"
80,0recipe1122,Baking,http://dbpedia.org/resource/Baking,"[(15, 6), (60, 6)]"
81,0recipe1122,Paper,http://dbpedia.org/resource/Paper,"[(16, 5), (19, 5)]"
82,0recipe1122,Egg white,http://dbpedia.org/resource/Egg_white,"[(22, 9), (23, 9)]"
83,0recipe1122,Vanilla,http://dbpedia.org/resource/Vanilla_(genus),"[(25, 7)]"
84,0recipe1122,Vanilla extract,http://dbpedia.org/resource/Vanilla_extract,"[(25, 15), (26, 15)]"
85,0recipe1122,Almond,http://dbpedia.org/resource/Almond,"[(33, 6), (51, 6), (56, 6)]"
86,0recipe1122,Brown sugar,http://dbpedia.org/resource/Brown_sugar,"[(40, 11)]"
87,0recipe1122,Sugar,http://dbpedia.org/resource/Sugar,"[(41, 5), (43, 5), (44, 5)]"
88,0recipe1122,Cinnamon,http://dbpedia.org/resource/Cinnamomum_verum,"[(46, 8)]"
89,0recipe1122,Salt,http://dbpedia.org/resource/Salt,"[(49, 4)]"
90,0recipe1134,Maize,http://dbpedia.org/resource/Maize,"[(3, 5)]"
91,0recipe1134,Bell pepper,http://dbpedia.org/resource/Bell_pepper,"[(6, 11), (6, 11), (7, 11), (10, 11), (21, 11), (22, 11), (29, 11)]"
92,0recipe1134,Onion,http://dbpedia.org/resource/Onion,"[(13, 5)]"
93,0recipe1134,Coriander,http://dbpedia.org/resource/Coriander,"[(15, 9)]"
94,0recipe1134,Lime (fruit),http://dbpedia.org/resource/Lime_(fruit),"[(17, 12), (17, 12)]"
95,0recipe1134,Honey,http://dbpedia.org/resource/Honey,"[(24, 5)]"
96,0recipe1134,Salt,http://dbpedia.org/resource/Salt,"[(26, 4)]"
97,0recipe1142,Chicken,http://dbpedia.org/resource/Chicken,"[(7, 7), (36, 7), (45, 7)]"
98,0recipe1142,Cabbage,http://dbpedia.org/resource/Cabbage,"[(9, 7)]"
99,0recipe1142,Carrot,http://dbpedia.org/resource/Carrot,"[(11, 6)]"
100,0recipe1142,Scallion,http://dbpedia.org/resource/Scallion,"[(13, 8)]"
101,0recipe1142,Onion,http://dbpedia.org/resource/Onion,"[(14, 5)]"
102,0recipe1142,Green bean,http://dbpedia.org/resource/Green_bean,"[(16, 10)]"
103,0recipe1142,Bean,http://dbpedia.org/resource/Bean,"[(17, 4)]"
104,0recipe1142,Bell pepper,http://dbpedia.org/resource/Bell_pepper,"[(19, 11), (20, 11), (20, 11), (21, 11)]"
105,0recipe1142,Zucchini,http://dbpedia.org/resource/Cucurbita_pepo,"[(23, 8)]"
106,0recipe1142,Flour,http://dbpedia.org/resource/Flour,"[(34, 5)]"
107,0recipe1142,Stock (food),http://dbpedia.org/resource/Stock_(food),"[(36, 12), (37, 12)]"
108,0recipe1142,Soy sauce,http://dbpedia.org/resource/Soy_sauce,"[(39, 9), (39, 9)]"
109,0recipe1142,Vegetable oil,http://dbpedia.org/resource/Cooking_oil,"[(54, 13), (54, 13), (55, 13), (58, 13)]"
110,0recipe1142,Sesame oil,http://dbpedia.org/resource/Sesame_oil,"[(57, 10), (57, 10)]"
111,0recipe1142,Frying pan,http://dbpedia.org/resource/Frying_pan,"[(61, 10), (74, 10)]"
112,0recipe1166,Pork,http://dbpedia.org/resource/Pork,"[(11, 4)]"
113,0recipe1166,Sausage,http://dbpedia.org/resource/Sausage,"[(11, 7), (12, 7), (16, 7), (37, 7)]"
114,0recipe1166,Onion,http://dbpedia.org/resource/Onion,"[(14, 5), (21, 5)]"
115,0recipe1166,Sauerkraut,http://dbpedia.org/resource/Sauerkraut,"[(46, 10), (69, 10), (92, 10)]"
116,0recipe1166,Garlic,http://dbpedia.org/resource/Garlic,"[(50, 6)]"
117,0recipe1166,Garlic salt,http://dbpedia.org/resource/Garlic_salt,"[(50, 11)]"
118,0recipe1166,Salt,http://dbpedia.org/resource/Salt,"[(51, 4)]"
119,0recipe1166,Black pepper,http://dbpedia.org/resource/Black_pepper,"[(53, 12)]"
120,0recipe1166,Bread crumbs,http://dbpedia.org/resource/Bread_crumbs,"[(57, 12), (57, 12), (58, 12), (128, 12), (128, 12), (129, 12)]"
121,0recipe1166,Cream cheese,http://dbpedia.org/resource/Cream_cheese,"[(61, 12)]"
122,0recipe1166,Cheese,http://dbpedia.org/resource/Cheese,"[(62, 6)]"
123,0recipe1166,Parsley,http://dbpedia.org/resource/Parsley,"[(64, 7)]"
124,0recipe1166,Olive oil,http://dbpedia.org/resource/Olive_oil,"[(78, 9)]"
125,0recipe1166,Flour,http://dbpedia.org/resource/Flour,"[(104, 5)]"
126,0recipe1166,Milk,http://dbpedia.org/resource/Milk,"[(115, 4)]"
127,0recipe1174,Ground beef,http://dbpedia.org/resource/Ground_beef,"[(5, 11)]"
128,0recipe1174,Beef,http://dbpedia.org/resource/Beef,"[(6, 4), (18, 4), (28, 4), (42, 4), (48, 4), (136, 4)]"
129,0recipe1174,Onion,http://dbpedia.org/resource/Onion,"[(8, 5)]"
130,0recipe1174,Frying pan,http://dbpedia.org/resource/Frying_pan,"[(11, 10), (50, 10)]"
131,0recipe1174,Cooking,http://dbpedia.org/resource/Cooking,"[(24, 7)]"
132,0recipe1174,Fat,http://dbpedia.org/resource/Fat,"[(39, 3)]"
133,0recipe1174,Colander,http://dbpedia.org/resource/Colander,"[(45, 8)]"
134,0recipe1174,Taste,http://dbpedia.org/resource/Taste,"[(55, 5)]"
135,0recipe1174,Sour cream,http://dbpedia.org/resource/Sour_cream,"[(55, 10)]"
136,0recipe1174,Cream,http://dbpedia.org/resource/Cream,"[(56, 5)]"
137,0recipe1174,Ketchup,http://dbpedia.org/resource/Ketchup,"[(58, 7)]"
138,0recipe1174,Salt,http://dbpedia.org/resource/Salt,"[(60, 4)]"
139,0recipe1174,Garlic,http://dbpedia.org/resource/Garlic,"[(63, 6)]"
140,0recipe1174,Garlic powder,http://dbpedia.org/resource/Garlic_powder,"[(63, 13)]"
141,0recipe1174,Simmering,http://dbpedia.org/resource/Simmering,"[(71, 9), (77, 9)]"
142,0recipe1174,Oven,http://dbpedia.org/resource/Stove,"[(85, 4), (183, 4)]"
143,0recipe1174,Biscuit,http://dbpedia.org/resource/Biscuit,"[(98, 7), (109, 7)]"
144,0recipe1174,Baking,http://dbpedia.org/resource/Baking,"[(126, 6)]"
145,0recipe1174,Sheet pan,http://dbpedia.org/resource/Sheet_pan,"[(126, 9)]"
146,0recipe1174,Butter,http://dbpedia.org/resource/Butter,"[(198, 6)]"
147,0recipe1186,Grilling,http://dbpedia.org/resource/Griddle,"[(4, 8), (54, 8)]"
148,0recipe1186,Sausage,http://dbpedia.org/resource/Sausage,"[(8, 7), (38, 7)]"
149,0recipe1186,Tortilla,http://dbpedia.org/resource/Tortilla,"[(29, 8)]"
150,0recipe1186,Tortilla chip,http://dbpedia.org/resource/Tortilla_chip,"[(29, 13), (30, 13)]"
151,0recipe1186,Baking,http://dbpedia.org/resource/Baking,"[(33, 6)]"
152,0recipe1186,Pepperoni,http://dbpedia.org/resource/Pepperoni,"[(40, 9)]"
153,0recipe1186,Mozzarella,http://dbpedia.org/resource/Mozzarella,"[(42, 10), (42, 10)]"
154,0recipe1186,Cheese,http://dbpedia.org/resource/Cheese,"[(43, 6), (57, 6)]"
155,0recipe1186,Banana,http://dbpedia.org/resource/Musa_Ã—_paradisiaca,"[(46, 6)]"
156,0recipe1186,Capsicum,http://dbpedia.org/resource/Capsicum,"[(47, 8)]"
157,0recipe1186,Nachos,http://dbpedia.org/resource/Nachos,"[(50, 6)]"
158,0recipe1186,Pizza,http://dbpedia.org/resource/Pizza,"[(68, 5), (68, 5)]"
159,0recipe1197,Ranch dressing,http://dbpedia.org/resource/Ranch_dressing,"[(3, 14), (3, 14)]"
160,0recipe1197,Garlic,http://dbpedia.org/resource/Garlic,"[(7, 6)]"
161,0recipe1197,Garlic powder,http://dbpedia.org/resource/Garlic_powder,"[(7, 13)]"
162,0recipe1197,Dill,http://dbpedia.org/resource/Dill,"[(10, 4)]"
163,0recipe1197,Vegetable oil,http://dbpedia.org/resource/Cooking_oil,"[(12, 13), (12, 13), (13, 13)]"
164,0recipe1197,Cracker (food),http://dbpedia.org/resource/Cracker_(food),"[(16, 14), (22, 14)]"
165,0recipe1218,Salt,http://dbpedia.org/resource/Salt,"[(7, 4)]"
166,0recipe1218,Water,http://dbpedia.org/resource/Water,"[(8, 5), (18, 5)]"
167,0recipe1218,Boiling,http://dbpedia.org/resource/Boiling,"[(11, 7), (17, 7), (17, 7)]"
168,0recipe1218,Spaghetti,http://dbpedia.org/resource/Spaghetti,"[(14, 9), (75, 9), (83, 9)]"
169,0recipe1218,Cooking,http://dbpedia.org/resource/Cooking,"[(23, 7), (70, 7)]"
170,0recipe1218,Olive oil,http://dbpedia.org/resource/Olive_oil,"[(42, 9), (42, 9), (43, 9)]"
171,0recipe1218,Parmigiano Reggiano,,"[(79, 19), (79, 19), (126, 19), (126, 19)]"
172,0recipe1218,Cheese,http://dbpedia.org/resource/Cheese,"[(80, 6), (127, 6), (149, 6)]"
173,0recipe1218,Meatball,http://dbpedia.org/resource/Meatball,"[(101, 8), (113, 8), (133, 8), (144, 8)]"
174,0recipe1218,Pasta,http://dbpedia.org/resource/Pasta,"[(109, 5), (119, 5), (142, 5)]"
175,0recipe1218,Tomato sauce,http://dbpedia.org/resource/Tomato_sauce,"[(109, 12), (119, 12)]"
176,0recipe1218,Sauce,http://dbpedia.org/resource/Sauce,"[(110, 5), (120, 5)]"
177,0recipe1231,Oven,http://dbpedia.org/resource/Stove,"[(2, 4), (94, 4)]"
178,0recipe1231,Nut (fruit),http://dbpedia.org/resource/Nut_(fruit),"[(26, 11), (38, 11), (44, 11), (68, 11)]"
179,0recipe1231,Baking,http://dbpedia.org/resource/Baking,"[(48, 6), (51, 6)]"
180,0recipe1231,Frying pan,http://dbpedia.org/resource/Frying_pan,"[(71, 10), (92, 10)]"
181,0recipe1231,Butter,http://dbpedia.org/resource/Butter,"[(73, 6), (81, 6)]"
182,0recipe1231,Heat,http://dbpedia.org/resource/Heat,"[(78, 4)]"
183,0recipe1231,Chestnut,http://dbpedia.org/resource/Chestnut,"[(86, 8)]"
184,0recipe1231,Roasting,http://dbpedia.org/resource/Roasting,"[(96, 8)]"
185,0recipe1231,Salt,http://dbpedia.org/resource/Salt,"[(106, 4)]"
186,0recipe1231,Cinnamon,http://dbpedia.org/resource/Cinnamomum_verum,"[(108, 8)]"
187,0recipe1251,Ground beef,http://dbpedia.org/resource/Ground_beef,"[(15, 11)]"
188,0recipe1251,Beef,http://dbpedia.org/resource/Beef,"[(16, 4)]"
189,0recipe1251,Onion,http://dbpedia.org/resource/Onion,"[(22, 5)]"
190,0recipe1251,Milk,http://dbpedia.org/resource/Milk,"[(24, 4)]"
191,0recipe1251,Salt,http://dbpedia.org/resource/Salt,"[(29, 4)]"
192,0recipe1251,Meatball,http://dbpedia.org/resource/Meatball,"[(38, 8), (68, 8), (77, 8)]"
193,0recipe1251,Baking,http://dbpedia.org/resource/Baking,"[(43, 6)]"
194,0recipe1251,Ketchup,http://dbpedia.org/resource/Ketchup,"[(52, 7)]"
195,0recipe1251,Brown sugar,http://dbpedia.org/resource/Brown_sugar,"[(56, 11)]"
196,0recipe1251,Sugar,http://dbpedia.org/resource/Sugar,"[(57, 5)]"
197,0recipe1251,Nutmeg,http://dbpedia.org/resource/Nutmeg,"[(60, 6)]"
198,0recipe1263,Oven,http://dbpedia.org/resource/Stove,"[(2, 4), (87, 4)]"
199,0recipe1263,Baking,http://dbpedia.org/resource/Baking,"[(14, 6), (79, 6), (83, 6)]"
200,0recipe1263,Sheet pan,http://dbpedia.org/resource/Sheet_pan,"[(14, 9), (79, 9)]"
201,0recipe1263,Parchment paper,,"[(17, 15), (17, 15)]"
202,0recipe1263,Sugar,http://dbpedia.org/resource/Sugar,"[(23, 5)]"
203,0recipe1263,Ranch dressing,http://dbpedia.org/resource/Ranch_dressing,"[(25, 14), (25, 14)]"
204,0recipe1263,Bacon,http://dbpedia.org/resource/Bacon,"[(35, 5), (46, 5), (74, 5), (100, 5)]"
205,0recipe1263,Chicken,http://dbpedia.org/resource/Chicken,"[(52, 7), (64, 7), (94, 7)]"
206,0recipe1263,Cooking,http://dbpedia.org/resource/Cooking,"[(96, 7)]"
207,0recipe1263,Bread,http://dbpedia.org/resource/Bread,"[(106, 5)]"
208,0recipe1271,Oven,http://dbpedia.org/resource/Stove,"[(2, 4), (72, 4)]"
209,0recipe1271,Heat,http://dbpedia.org/resource/Heat,"[(18, 4), (46, 4)]"
210,0recipe1271,Sugar,http://dbpedia.org/resource/Sugar,"[(21, 5), (33, 5)]"
211,0recipe1271,Water,http://dbpedia.org/resource/Water,"[(23, 5)]"
212,0recipe1271,Boiling,http://dbpedia.org/resource/Boiling,"[(28, 7)]"
213,0recipe1271,Peanut,http://dbpedia.org/resource/Peanut,"[(38, 6), (48, 6), (84, 6)]"
214,0recipe1271,Syrup,http://dbpedia.org/resource/Syrup,"[(55, 5)]"
215,0recipe1271,Baking,http://dbpedia.org/resource/Baking,"[(66, 6)]"
216,0recipe1283,Frying,http://dbpedia.org/resource/Roasting,"[(16, 6), (34, 6)]"
217,0recipe1283,Olive oil,http://dbpedia.org/resource/Olive_oil,"[(23, 9)]"
218,0recipe1283,Salt,http://dbpedia.org/resource/Salt,"[(53, 4)]"
219,0recipe1283,Black pepper,http://dbpedia.org/resource/Black_pepper,"[(55, 12), (56, 12), (85, 12)]"
220,0recipe1283,Chili pepper,http://dbpedia.org/resource/Chili_pepper,"[(84, 12)]"
221,0recipe1283,Butter,http://dbpedia.org/resource/Butter,"[(78, 6)]"
222,0recipe1283,Margarine,http://dbpedia.org/resource/Margarine,"[(80, 9)]"
223,0recipe1283,Chicken,http://dbpedia.org/resource/Chicken,"[(91, 7), (115, 7), (161, 7)]"
224,0recipe1283,Buffalo wing,http://dbpedia.org/resource/Buffalo_wing,"[(91, 12), (115, 12), (161, 12)]"
225,0recipe1283,Baking,http://dbpedia.org/resource/Baking,"[(104, 6), (118, 6), (160, 6)]"
226,0recipe1283,Blue cheese,http://dbpedia.org/resource/Blue_cheese,"[(122, 11), (122, 11), (150, 11), (150, 11), (170, 11), (170, 11)]"
227,0recipe1283,Blue cheese dressing,http://dbpedia.org/resource/Blue_cheese_dressing,"[(122, 20), (170, 20)]"
228,0recipe1283,Cheese,http://dbpedia.org/resource/Cheese,"[(123, 6), (151, 6), (171, 6)]"
229,0recipe1283,Salad,http://dbpedia.org/resource/Salad,"[(124, 5), (172, 5)]"
230,0recipe1283,Mayonnaise,http://dbpedia.org/resource/Mayonnaise,"[(134, 10)]"
231,0recipe1283,Onion,http://dbpedia.org/resource/Onion,"[(136, 5)]"
232,0recipe1283,Garlic,http://dbpedia.org/resource/Garlic,"[(138, 6)]"
233,0recipe1283,Parsley,http://dbpedia.org/resource/Parsley,"[(140, 7)]"
234,0recipe1283,Sour cream,http://dbpedia.org/resource/Sour_cream,"[(142, 10)]"
235,0recipe1283,Lemon,http://dbpedia.org/resource/Lemon,"[(145, 5), (145, 5)]"
236,0recipe1283,Vinegar,http://dbpedia.org/resource/Vinegar,"[(148, 7)]"
237,0recipe1295,Crab,http://dbpedia.org/resource/Crab,"[(7, 4), (81, 4)]"
238,0recipe1295,Mayonnaise,http://dbpedia.org/resource/Mayonnaise,"[(9, 10)]"
239,0recipe1295,Scallion,http://dbpedia.org/resource/Scallion,"[(11, 8)]"
240,0recipe1295,Onion,http://dbpedia.org/resource/Onion,"[(12, 5)]"
241,0recipe1295,Coriander,http://dbpedia.org/resource/Coriander,"[(14, 9)]"
242,0recipe1295,Lime (fruit),http://dbpedia.org/resource/Lime_(fruit),"[(16, 12), (16, 12)]"
243,0recipe1295,Ginger,http://dbpedia.org/resource/Ginger,"[(19, 6)]"
244,0recipe1295,Chili pepper,http://dbpedia.org/resource/Chili_pepper,"[(21, 12)]"
245,0recipe1295,Black pepper,http://dbpedia.org/resource/Black_pepper,"[(22, 12), (28, 12)]"
246,0recipe1295,Sauce,http://dbpedia.org/resource/Sauce,"[(23, 5)]"
247,0recipe1295,Salt,http://dbpedia.org/resource/Salt,"[(26, 4)]"
248,0recipe1295,Egg,http://dbpedia.org/resource/Egg,"[(42, 3), (55, 3)]"
249,0recipe1295,Bread crumbs,http://dbpedia.org/resource/Bread_crumbs,"[(45, 12), (45, 12), (46, 12), (60, 12), (60, 12), (61, 12)]"
250,0recipe1295,Olive oil,http://dbpedia.org/resource/Olive_oil,"[(75, 9), (84, 9), (88, 9)]"
251,0recipe1295,Crab cake,http://dbpedia.org/resource/Crab_cake,"[(81, 9)]"
252,0recipe1303,Rice,http://dbpedia.org/resource/Rice,"[(3, 4), (27, 4), (45, 4), (68, 4)]"
253,0recipe1303,Water,http://dbpedia.org/resource/Water,"[(5, 5), (63, 5)]"
254,0recipe1303,Boiling,http://dbpedia.org/resource/Boiling,"[(8, 7)]"
255,0recipe1303,Vinegar,http://dbpedia.org/resource/Vinegar,"[(45, 7), (46, 7)]"
256,0recipe1303,Salt,http://dbpedia.org/resource/Salt,"[(48, 4)]"
257,0recipe1303,Seaweed,http://dbpedia.org/resource/Seaweed,"[(57, 7), (123, 7)]"
258,0recipe1303,Cucumber,http://dbpedia.org/resource/Cucumber,"[(90, 8)]"
259,0recipe1303,Crab stick,http://dbpedia.org/resource/Crab_stick,"[(92, 10)]"
260,0recipe1303,Crab,http://dbpedia.org/resource/Crab,"[(93, 4)]"
261,0recipe1303,Cream cheese,http://dbpedia.org/resource/Cream_cheese,"[(96, 12)]"
262,0recipe1303,Cheese,http://dbpedia.org/resource/Cheese,"[(97, 6)]"
263,0recipe1303,Sushi,http://dbpedia.org/resource/Sushi,"[(112, 5)]"
264,0recipe1303,Ginger,http://dbpedia.org/resource/Ginger,"[(144, 6)]"
265,0recipe1327,Chickpea,http://dbpedia.org/resource/Chickpea,"[(2, 8), (2, 8)]"
266,0recipe1327,Bean,http://dbpedia.org/resource/Bean,"[(3, 4)]"
267,0recipe1327,Food processor,http://dbpedia.org/resource/Food_processor,"[(6, 14)]"
268,0recipe1327,Lemon,http://dbpedia.org/resource/Lemon,"[(17, 5), (17, 5), (34, 5), (34, 5)]"
269,0recipe1327,Garlic,http://dbpedia.org/resource/Garlic,"[(20, 6)]"
270,0recipe1327,Tahini,http://dbpedia.org/resource/Tahini,"[(22, 6)]"
271,0recipe1327,Crushed red pepper,http://dbpedia.org/resource/Crushed_red_pepper,"[(24, 18)]"
272,0recipe1327,Capsicum,http://dbpedia.org/resource/Capsicum,"[(25, 8), (26, 8)]"
273,0recipe1335,Cauliflower,http://dbpedia.org/resource/Cauliflower,"[(2, 11), (19, 11)]"
274,0recipe1335,Italian dressing,http://dbpedia.org/resource/Italian_dressing,"[(10, 16)]"
275,0recipe1335,Mayonnaise,http://dbpedia.org/resource/Mayonnaise,"[(23, 10)]"
276,0recipe1335,Bacon,http://dbpedia.org/resource/Bacon,"[(25, 5), (25, 5)]"
277,0recipe1335,Cheese,http://dbpedia.org/resource/Cheese,"[(28, 6)]"
278,0recipe1359,Salmon,http://dbpedia.org/resource/Salmon,"[(9, 6)]"
279,0recipe1359,Cream cheese,http://dbpedia.org/resource/Cream_cheese,"[(11, 12)]"
280,0recipe1359,Horseradish,http://dbpedia.org/resource/Horseradish,"[(14, 11)]"
281,0recipe1359,Lemon,http://dbpedia.org/resource/Lemon,"[(16, 5), (16, 5)]"
282,0recipe1359,Onion,http://dbpedia.org/resource/Onion,"[(20, 5)]"
283,0recipe1359,Parsley,http://dbpedia.org/resource/Parsley,"[(39, 7)]"
284,0recipe1359,Pecan,http://dbpedia.org/resource/Pecan,"[(43, 5)]"
285,0recipe1367,Sour cream,http://dbpedia.org/resource/Sour_cream,"[(2, 10)]"
286,0recipe1367,Cream cheese,http://dbpedia.org/resource/Cream_cheese,"[(5, 12)]"
287,0recipe1367,Cheese,http://dbpedia.org/resource/Cheese,"[(6, 6)]"
288,0recipe1367,Shrimp,http://dbpedia.org/resource/Shrimp,"[(8, 6)]"
289,0recipe1367,Worcestershire,http://dbpedia.org/resource/Worcestershire,"[(11, 14)]"
290,0recipe1367,Worcestershire sauce,http://dbpedia.org/resource/Worcestershire_sauce,"[(11, 20), (12, 20)]"
291,0recipe1367,Garlic,http://dbpedia.org/resource/Garlic,"[(14, 6)]"
292,0recipe1367,Garlic salt,http://dbpedia.org/resource/Garlic_salt,"[(14, 11)]"
293,0recipe1367,Salt,http://dbpedia.org/resource/Salt,"[(15, 4)]"
294,0recipe1379,Black-eyed pea,http://dbpedia.org/resource/Black-eyed_pea,"[(3, 14)]"
295,0recipe1379,Onion,http://dbpedia.org/resource/Onion,"[(7, 5)]"
296,0recipe1379,Olive oil,http://dbpedia.org/resource/Olive_oil,"[(11, 9), (11, 9), (12, 9)]"
297,0recipe1379,Garlic,http://dbpedia.org/resource/Garlic,"[(14, 6)]"
298,0recipe1379,Tomato,http://dbpedia.org/resource/Tomato,"[(16, 6)]"
299,0recipe1379,Coriander,http://dbpedia.org/resource/Coriander,"[(18, 9)]"
300,0recipe1379,Balsamic vinegar,http://dbpedia.org/resource/Balsamic_vinegar,"[(20, 16), (20, 16)]"
301,0recipe1379,Vinegar,http://dbpedia.org/resource/Vinegar,"[(21, 7)]"
302,0recipe1379,Salt,http://dbpedia.org/resource/Salt,"[(24, 4)]"
303,0recipe138,Popcorn,http://dbpedia.org/resource/Popcorn,"[(12, 7)]"
304,0recipe138,Petroleum,http://dbpedia.org/resource/Petroleum,"[(14, 9)]"
305,0recipe138,Maize,http://dbpedia.org/resource/Maize,"[(19, 5)]"
306,0recipe138,Paper,http://dbpedia.org/resource/Paper,"[(23, 5)]"
307,0recipe138,Salt,http://dbpedia.org/resource/Salt,"[(31, 4)]"
308,0recipe138,Microwave,http://dbpedia.org/resource/Microwave,"[(50, 9)]"
309,0recipe1391,Oven,http://dbpedia.org/resource/Stove,"[(3, 4), (66, 4)]"
310,0recipe1391,Baking,http://dbpedia.org/resource/Baking,"[(19, 6)]"
311,0recipe1391,Cooking,http://dbpedia.org/resource/Cooking,"[(22, 7), (79, 7)]"
312,0recipe1391,Sugar,http://dbpedia.org/resource/Sugar,"[(28, 5)]"
313,0recipe1391,Soy sauce,http://dbpedia.org/resource/Soy_sauce,"[(30, 9), (30, 9), (54, 9), (54, 9)]"
314,0recipe1391,Sauce,http://dbpedia.org/resource/Sauce,"[(31, 5), (55, 5)]"
315,0recipe1391,Garlic,http://dbpedia.org/resource/Garlic,"[(34, 6)]"
316,0recipe1391,Garlic powder,http://dbpedia.org/resource/Garlic_powder,"[(34, 13)]"
317,0recipe1399,Peach,http://dbpedia.org/resource/Peach,"[(3, 5)]"
318,0recipe1399,Black pepper,http://dbpedia.org/resource/Black_pepper,"[(33, 12)]"
319,0recipe1399,Bell pepper,http://dbpedia.org/resource/Bell_pepper,"[(6, 11), (11, 11), (12, 11), (12, 11), (13, 11), (34, 11)]"
320,0recipe1399,Onion,http://dbpedia.org/resource/Onion,"[(9, 5)]"
321,0recipe1399,Coriander,http://dbpedia.org/resource/Coriander,"[(15, 9)]"
322,0recipe1399,Garlic,http://dbpedia.org/resource/Garlic,"[(17, 6)]"
323,0recipe1399,Lime (fruit),http://dbpedia.org/resource/Lime_(fruit),"[(19, 12), (19, 12)]"
324,0recipe1399,Lemon,http://dbpedia.org/resource/Lemon,"[(23, 5), (23, 5)]"
325,0recipe1399,Avocado,http://dbpedia.org/resource/Avocado,"[(49, 7)]"
326,0recipe1411,Beef,http://dbpedia.org/resource/Beef,"[(22, 4), (45, 4), (59, 4)]"
327,0recipe1411,Bean,http://dbpedia.org/resource/Bean,"[(29, 4), (47, 4), (61, 4)]"
328,0recipe1411,Taco,http://dbpedia.org/resource/Taco,"[(31, 4)]"
329,0recipe1411,Chili powder,http://dbpedia.org/resource/Chili_powder,"[(34, 12), (34, 12), (35, 12)]"
330,0recipe1411,Cumin,http://dbpedia.org/resource/Cumin,"[(37, 5)]"
331,0recipe1411,Casserole,http://dbpedia.org/resource/Casserole,"[(52, 9)]"
332,0recipe1411,Sour cream,http://dbpedia.org/resource/Sour_cream,"[(55, 10)]"
333,0recipe1411,Onion,http://dbpedia.org/resource/Onion,"[(66, 5)]"
334,0recipe1411,Tomato,http://dbpedia.org/resource/Tomato,"[(68, 6)]"
335,0recipe1411,Olive,http://dbpedia.org/resource/Olive,"[(70, 5)]"
336,0recipe1411,Cheese,http://dbpedia.org/resource/Cheese,"[(76, 6)]"
337,0recipe1423,Frying pan,http://dbpedia.org/resource/Frying_pan,"[(4, 10), (18, 10)]"
338,0recipe1423,Butter,http://dbpedia.org/resource/Butter,"[(13, 6), (115, 6), (135, 6), (143, 6)]"
339,0recipe1423,Mushroom,http://dbpedia.org/resource/Mushroom,"[(22, 8), (32, 8), (47, 8), (73, 8), (85, 8), (147, 8), (154, 8)]"
340,0recipe1423,Cream,http://dbpedia.org/resource/Cream,"[(59, 5)]"
341,0recipe1423,Cream cheese,http://dbpedia.org/resource/Cream_cheese,"[(59, 12)]"
342,0recipe1423,Cheese,http://dbpedia.org/resource/Cheese,"[(60, 6), (63, 6)]"
343,0recipe1423,Goat cheese,http://dbpedia.org/resource/Goat_cheese,"[(62, 11)]"
344,0recipe1423,Goat,http://dbpedia.org/resource/Goat,"[(62, 4)]"
345,0recipe1423,Onion,http://dbpedia.org/resource/Onion,"[(71, 5)]"
346,0recipe1423,Baking,http://dbpedia.org/resource/Baking,"[(96, 6)]"
347,0recipe1423,Oven,http://dbpedia.org/resource/Stove,"[(101, 4), (158, 4)]"
348,0recipe1423,Grilling,http://dbpedia.org/resource/Griddle,"[(102, 8), (160, 8)]"
349,0recipe1423,Garlic,http://dbpedia.org/resource/Garlic,"[(118, 6), (129, 6), (142, 6)]"
350,0recipe1423,Cooking,http://dbpedia.org/resource/Cooking,"[(127, 7)]"
351,0recipe1431,Water,http://dbpedia.org/resource/Water,"[(5, 5)]"
352,0recipe1431,Baking,http://dbpedia.org/resource/Baking,"[(9, 6), (37, 6), (69, 6)]"
353,0recipe1431,Sheet pan,http://dbpedia.org/resource/Sheet_pan,"[(9, 9), (37, 9)]"
354,0recipe1431,Seasoning,http://dbpedia.org/resource/Seasoning,"[(15, 9)]"
355,0recipe1431,Chicken,http://dbpedia.org/resource/Chicken,"[(20, 7), (59, 7), (77, 7)]"
356,0recipe1431,Hot sauce,http://dbpedia.org/resource/Hot_sauce,"[(26, 9)]"
357,0recipe1431,Cooking,http://dbpedia.org/resource/Cooking,"[(79, 7)]"
358,0recipe1431,Blue cheese,http://dbpedia.org/resource/Blue_cheese,"[(89, 11), (89, 11)]"
359,0recipe1431,Cheese,http://dbpedia.org/resource/Cheese,"[(90, 6)]"
360,0recipe1431,Salad,http://dbpedia.org/resource/Salad,"[(93, 5), (93, 5), (94, 5)]"
361,0recipe1443,Oven,http://dbpedia.org/resource/Stove,"[(2, 4), (53, 4)]"
362,0recipe1443,Turkey (bird),http://dbpedia.org/resource/Turkey_(bird),"[(14, 13)]"
363,0recipe1443,Bread,http://dbpedia.org/resource/Bread,"[(16, 5)]"
364,0recipe1443,Bread crumbs,http://dbpedia.org/resource/Bread_crumbs,"[(16, 12), (17, 12)]"
365,0recipe1443,Spinach,http://dbpedia.org/resource/Spinach,"[(19, 7)]"
366,0recipe1443,Egg,http://dbpedia.org/resource/Egg,"[(21, 3)]"
367,0recipe1443,Onion,http://dbpedia.org/resource/Onion,"[(23, 5)]"
368,0recipe1443,Garlic,http://dbpedia.org/resource/Garlic,"[(27, 6)]"
369,0recipe1443,Garlic powder,http://dbpedia.org/resource/Garlic_powder,"[(27, 13)]"
370,0recipe1443,Meatball,http://dbpedia.org/resource/Meatball,"[(38, 8)]"
371,0recipe1443,Baking,http://dbpedia.org/resource/Baking,"[(46, 6)]"
372,0recipe1456,Fat,http://dbpedia.org/resource/Fat,"[(14, 3)]"
373,0recipe1456,Baking,http://dbpedia.org/resource/Baking,"[(18, 6), (40, 6), (56, 6)]"
374,0recipe1456,Evaporated milk,http://dbpedia.org/resource/Evaporated_milk,"[(28, 15), (28, 15)]"
375,0recipe1456,Milk,http://dbpedia.org/resource/Milk,"[(29, 4)]"
376,0recipe1456,Water,http://dbpedia.org/resource/Water,"[(31, 5)]"
377,0recipe1456,Cheddar cheese,http://dbpedia.org/resource/Cheddar_cheese,"[(35, 14), (35, 14)]"
378,0recipe1456,Cheese,http://dbpedia.org/resource/Cheese,"[(36, 6)]"
379,0recipe1456,Flour,http://dbpedia.org/resource/Flour,"[(38, 5)]"
380,0recipe1456,Baking powder,http://dbpedia.org/resource/Baking_powder,"[(40, 13)]"
381,0recipe1456,Margarine,http://dbpedia.org/resource/Margarine,"[(43, 9)]"
382,0recipe1456,Scallion,http://dbpedia.org/resource/Scallion,"[(45, 8)]"
383,0recipe1456,Onion,http://dbpedia.org/resource/Onion,"[(46, 5)]"
384,0recipe1463,Egg,http://dbpedia.org/resource/Egg,"[(2, 3), (34, 3), (41, 3), (72, 3), (112, 3)]"
385,0recipe1463,Water,http://dbpedia.org/resource/Water,"[(4, 5), (32, 5), (55, 5)]"
386,0recipe1463,Boiling,http://dbpedia.org/resource/Boiling,"[(17, 7)]"
387,0recipe1463,Brine,http://dbpedia.org/resource/Brine,"[(45, 5), (97, 5), (110, 5)]"
388,0recipe1463,Vinegar,http://dbpedia.org/resource/Vinegar,"[(53, 7)]"
389,0recipe1463,Sugar,http://dbpedia.org/resource/Sugar,"[(57, 5), (66, 5)]"
390,0recipe1463,Salt,http://dbpedia.org/resource/Salt,"[(59, 4)]"
391,0recipe1463,Onion,http://dbpedia.org/resource/Onion,"[(77, 5)]"
392,0recipe1463,Onion ring,http://dbpedia.org/resource/Onion_ring,"[(77, 10)]"
393,0recipe1463,Sterilization (microbiology),http://dbpedia.org/resource/Sterilization_(microbiology),"[(81, 28), (127, 28)]"
394,0recipe1463,Pickling,http://dbpedia.org/resource/Pickling,"[(94, 8)]"
395,0recipe1463,Spice,http://dbpedia.org/resource/Spice,"[(95, 5)]"
396,0recipe1463,Refrigerator,http://dbpedia.org/resource/Refrigerator,"[(133, 12)]"
397,0recipe1477,Vinegar,http://dbpedia.org/resource/Vinegar,"[(2, 7)]"
398,0recipe1477,Fish,http://dbpedia.org/resource/Fish,"[(4, 4)]"
399,0recipe1477,Fish sauce,http://dbpedia.org/resource/Fish_sauce,"[(4, 10)]"
400,0recipe1477,Sugar,http://dbpedia.org/resource/Sugar,"[(7, 5)]"
401,0recipe1477,Lime (fruit),http://dbpedia.org/resource/Lime_(fruit),"[(9, 12), (9, 12)]"
402,0recipe1477,Garlic,http://dbpedia.org/resource/Garlic,"[(12, 6)]"
403,0recipe1477,Chili pepper,http://dbpedia.org/resource/Chili_pepper,"[(15, 12), (16, 12)]"
404,0recipe1477,Water,http://dbpedia.org/resource/Water,"[(37, 5), (53, 5), (94, 5), (114, 5), (138, 5)]"
405,0recipe1477,Rice,http://dbpedia.org/resource/Rice,"[(40, 4), (86, 4), (129, 4)]"
406,0recipe1477,Rice vermicelli,http://dbpedia.org/resource/Rice_vermicelli,"[(40, 15), (41, 15), (86, 15), (87, 15), (111, 15), (171, 15)]"
407,0recipe1477,Shrimp,http://dbpedia.org/resource/Shrimp,"[(60, 6), (74, 6), (80, 6), (156, 6)]"
408,0recipe1477,Noodle,http://dbpedia.org/resource/Noodle,"[(88, 6), (120, 6)]"
409,0recipe1477,Lettuce,http://dbpedia.org/resource/Lettuce,"[(165, 7)]"
410,0recipe1477,Mentha,http://dbpedia.org/resource/Mentha,"[(180, 6)]"
411,0recipe1477,Coriander,http://dbpedia.org/resource/Coriander,"[(182, 9)]"
412,0recipe1477,Thai cuisine,http://dbpedia.org/resource/Thai_cuisine,"[(185, 12)]"
413,0recipe1477,Thai basil,http://dbpedia.org/resource/Thai_basil,"[(185, 10)]"
414,0recipe1477,Basil,http://dbpedia.org/resource/Basil,"[(186, 5)]"
415,0recipe1477,Spring roll,http://dbpedia.org/resource/Spring_roll,"[(206, 11)]"
416,0recipe1488,Butter,http://dbpedia.org/resource/Butter,"[(2, 6), (13, 6)]"
417,0recipe1488,Frying pan,http://dbpedia.org/resource/Frying_pan,"[(5, 10), (73, 10)]"
418,0recipe1488,Flour,http://dbpedia.org/resource/Flour,"[(11, 5)]"
419,0recipe1488,Onion,http://dbpedia.org/resource/Onion,"[(18, 5), (27, 5), (53, 5)]"
420,0recipe1488,Cooking,http://dbpedia.org/resource/Cooking,"[(23, 7), (56, 7)]"
421,0recipe1488,Olive,http://dbpedia.org/resource/Olive,"[(37, 5), (38, 5)]"
422,0recipe1488,Lemon,http://dbpedia.org/resource/Lemon,"[(40, 5), (40, 5)]"
423,0recipe1488,Olive oil,http://dbpedia.org/resource/Olive_oil,"[(43, 9), (80, 9), (118, 9)]"
424,0recipe1488,Paprika,http://dbpedia.org/resource/Paprika,"[(45, 7)]"
425,0recipe1488,Black pepper,http://dbpedia.org/resource/Black_pepper,"[(47, 12), (48, 12)]"
426,0recipe1488,Salt,http://dbpedia.org/resource/Salt,"[(51, 4)]"
427,0recipe1488,Chicken,http://dbpedia.org/resource/Chicken,"[(68, 7), (93, 7)]"
428,0recipe1488,Tortilla,http://dbpedia.org/resource/Tortilla,"[(91, 8), (97, 8), (109, 8), (128, 8)]"
429,0recipe1488,Frying,http://dbpedia.org/resource/Roasting,"[(106, 6), (127, 6)]"
430,0recipe1495,Oven,http://dbpedia.org/resource/Stove,"[(2, 4), (164, 4)]"
431,0recipe1495,Cooking,http://dbpedia.org/resource/Cooking,"[(19, 7), (59, 7)]"
432,0recipe1495,Cooking spray,http://dbpedia.org/resource/Cooking_spray,"[(19, 13)]"
433,0recipe1495,Olive oil,http://dbpedia.org/resource/Olive_oil,"[(23, 9), (23, 9), (24, 9), (39, 9)]"
434,0recipe1495,Frying pan,http://dbpedia.org/resource/Frying_pan,"[(27, 10)]"
435,0recipe1495,Chorizo,http://dbpedia.org/resource/Chorizo,"[(35, 7), (52, 7), (108, 7)]"
436,0recipe1495,Potato,http://dbpedia.org/resource/Potato,"[(50, 6), (60, 6)]"
437,0recipe1495,Salt,http://dbpedia.org/resource/Salt,"[(70, 4), (122, 4)]"
438,0recipe1495,Black pepper,http://dbpedia.org/resource/Black_pepper,"[(72, 12), (73, 12), (115, 12)]"
439,0recipe1495,Cheese,http://dbpedia.org/resource/Cheese,"[(93, 6), (158, 6)]"
440,0recipe1495,Muffin,http://dbpedia.org/resource/Muffin,"[(99, 6), (135, 6)]"
441,0recipe1495,Egg,http://dbpedia.org/resource/Egg,"[(112, 3), (131, 3), (166, 3)]"
442,0recipe1495,Cayenne pepper,http://dbpedia.org/resource/Cayenne_pepper,"[(114, 14), (114, 14)]"
443,0recipe1495,Baking,http://dbpedia.org/resource/Baking,"[(151, 6)]"
444,0recipe1521,Colander,http://dbpedia.org/resource/Colander,"[(4, 8), (25, 8)]"
445,0recipe1521,Cheesecloth,http://dbpedia.org/resource/Cheesecloth,"[(7, 11), (21, 11)]"
446,0recipe1521,Salt,http://dbpedia.org/resource/Salt,"[(10, 4)]"
447,0recipe1521,Yogurt,http://dbpedia.org/resource/Yogurt,"[(13, 6), (18, 6)]"
448,0recipe1521,Olive oil,http://dbpedia.org/resource/Olive_oil,"[(64, 9), (64, 9), (65, 9)]"
449,0recipe1528,Cream cheese,http://dbpedia.org/resource/Cream_cheese,"[(8, 12), (43, 12)]"
450,0recipe1528,Cheese,http://dbpedia.org/resource/Cheese,"[(9, 6), (44, 6)]"
451,0recipe1528,Scallion,http://dbpedia.org/resource/Scallion,"[(11, 8)]"
452,0recipe1528,Onion,http://dbpedia.org/resource/Onion,"[(12, 5)]"
453,0recipe1528,Lemon,http://dbpedia.org/resource/Lemon,"[(14, 5), (14, 5)]"
454,0recipe1528,Horseradish,http://dbpedia.org/resource/Horseradish,"[(17, 11)]"
455,0recipe1528,Salmon,http://dbpedia.org/resource/Salmon,"[(24, 6), (46, 6)]"
456,0recipe1528,Pecan,http://dbpedia.org/resource/Pecan,"[(60, 5)]"
457,0recipe1528,Parsley,http://dbpedia.org/resource/Parsley,"[(62, 7)]"
458,0recipe1552,Oven,http://dbpedia.org/resource/Stove,"[(2, 4), (136, 4)]"
459,0recipe1552,Baking,http://dbpedia.org/resource/Baking,"[(15, 6), (20, 6), (123, 6)]"
460,0recipe1552,Sheet pan,http://dbpedia.org/resource/Sheet_pan,"[(15, 9), (123, 9)]"
461,0recipe1552,Silicone,http://dbpedia.org/resource/Silicone,"[(19, 8)]"
462,0recipe1552,Water,http://dbpedia.org/resource/Water,"[(24, 5)]"
463,0recipe1552,Butter,http://dbpedia.org/resource/Butter,"[(26, 6), (48, 6)]"
464,0recipe1552,Salt,http://dbpedia.org/resource/Salt,"[(29, 4)]"
465,0recipe1552,Flour,http://dbpedia.org/resource/Flour,"[(46, 5)]"
466,0recipe1552,Dough,http://dbpedia.org/resource/Dough,"[(53, 5), (62, 5), (87, 5), (103, 5), (112, 5), (120, 5)]"
467,0recipe1552,Egg,http://dbpedia.org/resource/Egg,"[(78, 3), (89, 3), (96, 3)]"
468,0recipe1552,Thyme,http://dbpedia.org/resource/Thyme,"[(80, 5)]"
469,0recipe1552,Black pepper,http://dbpedia.org/resource/Black_pepper,"[(83, 12), (84, 12)]"
470,0recipe1552,Cheese,http://dbpedia.org/resource/Cheese,"[(110, 6), (130, 6)]"
471,0recipe1560,Oven,http://dbpedia.org/resource/Stove,"[(2, 4), (169, 4)]"
472,0recipe1560,Baking,http://dbpedia.org/resource/Baking,"[(14, 6), (25, 6), (142, 6), (162, 6)]"
473,0recipe1560,Vegetable oil,http://dbpedia.org/resource/Cooking_oil,"[(20, 13), (20, 13), (21, 13), (31, 13), (31, 13), (32, 13), (90, 13), (90, 13), (91, 13)]"
474,0recipe1560,Silicone,http://dbpedia.org/resource/Silicone,"[(24, 8)]"
475,0recipe1560,Popcorn,http://dbpedia.org/resource/Popcorn,"[(39, 7), (57, 7), (80, 7), (150, 7), (157, 7)]"
476,0recipe1560,Cooking,http://dbpedia.org/resource/Cooking,"[(43, 7), (116, 7)]"
477,0recipe1560,Peanut,http://dbpedia.org/resource/Peanut,"[(78, 6)]"
478,0recipe1560,Brown sugar,http://dbpedia.org/resource/Brown_sugar,"[(83, 11), (146, 11)]"
479,0recipe1560,Sugar,http://dbpedia.org/resource/Sugar,"[(84, 5), (147, 5)]"
480,0recipe1560,Corn syrup,http://dbpedia.org/resource/Corn_syrup,"[(94, 10), (94, 10)]"
481,0recipe1560,Syrup,http://dbpedia.org/resource/Syrup,"[(95, 5)]"
482,0recipe1560,Lime (fruit),http://dbpedia.org/resource/Lime_(fruit),"[(105, 12), (105, 12), (138, 12)]"
483,0recipe1560,Fish,http://dbpedia.org/resource/Fish,"[(108, 4)]"
484,0recipe1560,Fish sauce,http://dbpedia.org/resource/Fish_sauce,"[(108, 10)]"
485,0recipe1560,Sauce,http://dbpedia.org/resource/Sauce,"[(109, 5)]"
486,0recipe1560,Boiling,http://dbpedia.org/resource/Boiling,"[(114, 7)]"
487,0recipe1560,Sambal,http://dbpedia.org/resource/Sambal,"[(135, 6), (135, 6)]"
488,0recipe1560,Sodium bicarbonate,http://dbpedia.org/resource/Sodium_bicarbonate,"[(142, 18), (143, 18)]"
489,0recipe1560,Coriander,http://dbpedia.org/resource/Coriander,"[(196, 9)]"
490,0recipe1573,Garlic,http://dbpedia.org/resource/Garlic,"[(2, 6)]"
491,0recipe1573,Mortar and pestle,http://dbpedia.org/resource/Mortar_and_pestle,"[(5, 17), (5, 17), (7, 17)]"
492,0recipe1573,Salt,http://dbpedia.org/resource/Salt,"[(13, 4)]"
493,0recipe1573,Lemon,http://dbpedia.org/resource/Lemon,"[(35, 5), (35, 5)]"
494,0recipe1573,Lebanon,http://dbpedia.org/resource/Lebanon,"[(43, 7)]"
495,0recipe1573,Hummus,http://dbpedia.org/resource/Hummus,"[(46, 6)]"
496,0recipe1573,Tabbouleh,http://dbpedia.org/resource/Tabbouleh,"[(48, 9)]"
497,0recipe158,Seafood,http://dbpedia.org/resource/Seafood,"[(3, 7)]"
498,0recipe158,Butter,http://dbpedia.org/resource/Butter,"[(8, 6)]"
499,0recipe158,Feta,http://dbpedia.org/resource/Feta,"[(10, 4), (10, 4)]"
500,0recipe158,Cheese,http://dbpedia.org/resource/Cheese,"[(11, 6), (14, 6), (65, 6)]"
501,0recipe158,Cream,http://dbpedia.org/resource/Cream,"[(13, 5)]"
502,0recipe158,Cream cheese,http://dbpedia.org/resource/Cream_cheese,"[(13, 12)]"
503,0recipe158,Garlic,http://dbpedia.org/resource/Garlic,"[(16, 6)]"
504,0recipe158,Shallot,http://dbpedia.org/resource/Shallot,"[(18, 7)]"
505,0recipe158,Vermouth,http://dbpedia.org/resource/Vermouth,"[(20, 8)]"
506,0recipe158,Black pepper,http://dbpedia.org/resource/Black_pepper,"[(23, 12), (24, 12)]"
507,0recipe158,Gelatin,http://dbpedia.org/resource/Gelatin,"[(36, 7)]"
508,0recipe158,Plastic,http://dbpedia.org/resource/Plastic,"[(42, 7), (95, 7)]"
509,0recipe158,Tomato,http://dbpedia.org/resource/Tomato,"[(58, 6)]"
510,0recipe158,Pine nut,http://dbpedia.org/resource/Pine_nut,"[(60, 8), (61, 8)]"
511,0recipe158,Pesto,http://dbpedia.org/resource/Pesto,"[(63, 5)]"
512,0recipe1584,Microwave,http://dbpedia.org/resource/Microwave,"[(4, 9), (38, 9)]"
513,0recipe1584,Butter,http://dbpedia.org/resource/Butter,"[(10, 6)]"
514,0recipe1584,Worcestershire,http://dbpedia.org/resource/Worcestershire,"[(18, 14)]"
515,0recipe1584,Worcestershire sauce,http://dbpedia.org/resource/Worcestershire_sauce,"[(18, 20), (19, 20), (22, 20)]"
516,0recipe1584,Soy sauce,http://dbpedia.org/resource/Soy_sauce,"[(21, 9), (21, 9)]"
517,0recipe1584,Salt,http://dbpedia.org/resource/Salt,"[(24, 4)]"
518,0recipe1584,Cinnamon,http://dbpedia.org/resource/Cinnamomum_verum,"[(26, 8)]"
519,0recipe1584,Allspice,http://dbpedia.org/resource/Allspice,"[(28, 8)]"
520,0recipe1584,Clove,http://dbpedia.org/resource/Clove,"[(30, 5)]"
521,0recipe1584,Garlic,http://dbpedia.org/resource/Garlic,"[(32, 6)]"
522,0recipe1592,Pork,http://dbpedia.org/resource/Pork,"[(8, 4), (39, 4)]"
523,0recipe1592,Salt,http://dbpedia.org/resource/Salt,"[(10, 4)]"
524,0recipe1592,Soybean,http://dbpedia.org/resource/Soybean,"[(24, 7)]"
525,0recipe1592,Soy sauce,http://dbpedia.org/resource/Soy_sauce,"[(12, 9), (12, 9)]"
526,0recipe1592,Water,http://dbpedia.org/resource/Water,"[(15, 5)]"
527,0recipe1592,Eleocharis dulcis,http://dbpedia.org/resource/Eleocharis_dulcis,"[(15, 17)]"
528,0recipe1592,Chestnut,http://dbpedia.org/resource/Chestnut,"[(16, 8)]"
529,0recipe1592,Bamboo shoot,http://dbpedia.org/resource/Bamboo_shoot,"[(18, 12), (18, 12)]"
530,0recipe1592,Scallion,http://dbpedia.org/resource/Scallion,"[(21, 8)]"
531,0recipe1592,Onion,http://dbpedia.org/resource/Onion,"[(22, 5)]"
532,0recipe1592,Sprouting,http://dbpedia.org/resource/Sprouting,"[(24, 9), (25, 9)]"
533,0recipe1592,Bok choy,,"[(29, 8)]"
534,0recipe1592,Sherry,http://dbpedia.org/resource/Sherry,"[(32, 6)]"
535,0recipe1592,Wonton,http://dbpedia.org/resource/Wonton,"[(46, 6), (104, 6)]"
536,0recipe1592,Wok,http://dbpedia.org/resource/Wok,"[(93, 3)]"
537,0recipe1592,Vegetable oil,http://dbpedia.org/resource/Cooking_oil,"[(96, 13)]"
538,0recipe1592,Paper,http://dbpedia.org/resource/Paper,"[(112, 5)]"
539,0recipe1604,Cream cheese,http://dbpedia.org/resource/Cream_cheese,"[(9, 12)]"
540,0recipe1604,Cheese,http://dbpedia.org/resource/Cheese,"[(10, 6)]"
541,0recipe1604,Ketchup,http://dbpedia.org/resource/Ketchup,"[(12, 7), (15, 7)]"
542,0recipe1604,Olive,http://dbpedia.org/resource/Olive,"[(29, 5)]"
543,0recipe1616,Syrup,http://dbpedia.org/resource/Syrup,"[(2, 5), (33, 5)]"
544,0recipe1616,Peanut,http://dbpedia.org/resource/Peanut,"[(4, 6)]"
545,0recipe1616,Peanut butter,http://dbpedia.org/resource/Peanut_butter,"[(4, 13)]"
546,0recipe1616,Butter,http://dbpedia.org/resource/Butter,"[(5, 6)]"
547,0recipe1616,Chocolate,http://dbpedia.org/resource/Chocolate,"[(29, 9), (38, 9)]"
548,0recipe1616,Chocolate chip,http://dbpedia.org/resource/Chocolate_chip,"[(29, 14), (38, 14)]"
549,0recipe1616,Almond,http://dbpedia.org/resource/Almond,"[(41, 6)]"
550,0recipe1616,Cashew,http://dbpedia.org/resource/Cashew,"[(43, 6)]"
551,0recipe1616,Oatmeal,http://dbpedia.org/resource/Porridge,"[(45, 7), (54, 7)]"
552,0recipe1616,Rice,http://dbpedia.org/resource/Rice,"[(48, 4)]"
553,0recipe1616,Cereal,http://dbpedia.org/resource/Cereal,"[(49, 6)]"
554,0recipe1616,Flax,http://dbpedia.org/resource/Flax,"[(52, 4), (52, 4)]"
555,0recipe1636,Beer,http://dbpedia.org/resource/Beer,"[(2, 4), (9, 4), (60, 4)]"
556,0recipe1636,Carbonation,http://dbpedia.org/resource/Carbonation,"[(12, 11)]"
557,0recipe1636,Cheese,http://dbpedia.org/resource/Cheese,"[(23, 6), (103, 6)]"
558,0recipe1636,Food,http://dbpedia.org/resource/Food,"[(30, 4)]"
559,0recipe1636,Food processor,http://dbpedia.org/resource/Food_processor,"[(30, 14)]"
560,0recipe1636,Garlic,http://dbpedia.org/resource/Garlic,"[(34, 6)]"
561,0recipe1636,Mustard seed,http://dbpedia.org/resource/Mustard_seed,"[(36, 12)]"
562,0recipe1636,Mustard (condiment),http://dbpedia.org/resource/Mustard_(condiment),"[(37, 19)]"
563,0recipe1636,Black pepper,http://dbpedia.org/resource/Black_pepper,"[(40, 12), (41, 12), (48, 12), (115, 12)]"
564,0recipe1636,Cayenne pepper,http://dbpedia.org/resource/Cayenne_pepper,"[(47, 14), (47, 14), (114, 14), (114, 14)]"
565,0recipe1636,Salt,http://dbpedia.org/resource/Salt,"[(50, 4)]"
566,0recipe1636,Hot sauce,http://dbpedia.org/resource/Hot_sauce,"[(52, 9)]"
567,0recipe1636,Worcestershire sauce,http://dbpedia.org/resource/Worcestershire_sauce,"[(53, 20), (55, 20), (56, 20)]"
568,0recipe1636,Worcestershire,http://dbpedia.org/resource/Worcestershire,"[(55, 14)]"
569,0recipe1636,Seasoning,http://dbpedia.org/resource/Seasoning,"[(88, 9), (93, 9)]"
570,0recipe1636,Refrigeration,http://dbpedia.org/resource/Refrigeration,"[(121, 13)]"
571,0recipe1636,Flavor,http://dbpedia.org/resource/Flavor,"[(125, 6)]"
572,0recipe1648,Cream cheese,http://dbpedia.org/resource/Cream_cheese,"[(3, 12), (31, 12)]"
573,0recipe1648,Butter,http://dbpedia.org/resource/Butter,"[(6, 6), (34, 6)]"
574,0recipe1648,Tomato,http://dbpedia.org/resource/Tomato,"[(11, 6)]"
575,0recipe1648,Chili pepper,http://dbpedia.org/resource/Chili_pepper,"[(13, 12), (14, 12), (14, 12), (15, 12)]"
576,0recipe1648,Slow cooker,http://dbpedia.org/resource/Slow_cooker,"[(18, 11), (23, 11)]"
577,0recipe1668,Bread,http://dbpedia.org/resource/Bread,"[(7, 5), (39, 5)]"
578,0recipe1668,Romano cheese,http://dbpedia.org/resource/Romano_cheese,"[(22, 13)]"
579,0recipe1668,Cheese,http://dbpedia.org/resource/Cheese,"[(23, 6), (29, 6), (33, 6), (50, 6)]"
580,0recipe1668,Garlic,http://dbpedia.org/resource/Garlic,"[(25, 6)]"
581,0recipe1668,Cream,http://dbpedia.org/resource/Cream,"[(28, 5)]"
582,0recipe1668,Cream cheese,http://dbpedia.org/resource/Cream_cheese,"[(28, 12)]"
583,0recipe1668,French cuisine,http://dbpedia.org/resource/French_cuisine,"[(38, 14)]"
584,0recipe1668,Baguette,http://dbpedia.org/resource/Baguette,"[(38, 8)]"
585,0recipe1687,Oven,http://dbpedia.org/resource/Stove,"[(2, 4), (69, 4), (88, 4)]"
586,0recipe1687,Parmigiano Reggiano,,"[(18, 19), (18, 19)]"
587,0recipe1687,Cheese,http://dbpedia.org/resource/Cheese,"[(19, 6), (36, 6), (51, 6)]"
588,0recipe1687,Silicone,http://dbpedia.org/resource/Silicone,"[(22, 8)]"
589,0recipe1687,Paper,http://dbpedia.org/resource/Paper,"[(23, 5), (26, 5), (30, 5), (55, 5)]"
590,0recipe1687,Baking,http://dbpedia.org/resource/Baking,"[(25, 6), (54, 6)]"
591,0recipe1687,Sheet pan,http://dbpedia.org/resource/Sheet_pan,"[(25, 9), (54, 9)]"
592,0recipe1687,Parchment paper,,"[(29, 15), (29, 15)]"
593,0recipe1687,Gold,http://dbpedia.org/resource/Gold,"[(71, 4)]"
594,0recipe1687,Temperature,http://dbpedia.org/resource/Temperature,"[(97, 11), (101, 11), (120, 11)]"
595,0recipe1687,Room temperature,http://dbpedia.org/resource/Room_temperature,"[(119, 16)]"
596,0recipe1701,Lime (fruit),http://dbpedia.org/resource/Lime_(fruit),"[(6, 12), (6, 12), (114, 12)]"
597,0recipe1701,Garlic,http://dbpedia.org/resource/Garlic,"[(9, 6)]"
598,0recipe1701,Salt,http://dbpedia.org/resource/Salt,"[(11, 4)]"
599,0recipe1701,Chili pepper,http://dbpedia.org/resource/Chili_pepper,"[(14, 12), (64, 12), (64, 12), (65, 12)]"
600,0recipe1701,Shrimp,http://dbpedia.org/resource/Shrimp,"[(22, 6), (47, 6), (59, 6), (81, 6), (95, 6), (106, 6)]"
601,0recipe1701,Marination,http://dbpedia.org/resource/Marination,"[(25, 10), (50, 10)]"
602,0recipe1701,Bacon,http://dbpedia.org/resource/Bacon,"[(70, 5), (89, 5)]"
603,0recipe1701,Avocado,http://dbpedia.org/resource/Avocado,"[(109, 7)]"
604,0recipe1713,Cheddar cheese,http://dbpedia.org/resource/Cheddar_cheese,"[(2, 14), (2, 14)]"
605,0recipe1713,Cheese,http://dbpedia.org/resource/Cheese,"[(3, 6)]"
606,0recipe1713,Flour,http://dbpedia.org/resource/Flour,"[(5, 5)]"
607,0recipe1713,Butter,http://dbpedia.org/resource/Butter,"[(13, 6)]"
608,0recipe1713,Dough,http://dbpedia.org/resource/Dough,"[(39, 5)]"
609,0recipe1720,Eleocharis dulcis,http://dbpedia.org/resource/Eleocharis_dulcis,"[(3, 17), (13, 17)]"
610,0recipe1720,Chestnut,http://dbpedia.org/resource/Chestnut,"[(4, 8), (14, 8)]"
611,0recipe1720,Vegetable,http://dbpedia.org/resource/Vegetable,"[(16, 9)]"
612,0recipe1720,Soup,http://dbpedia.org/resource/Soup,"[(17, 4)]"
613,0recipe1720,Sour cream,http://dbpedia.org/resource/Sour_cream,"[(20, 10)]"
614,0recipe1720,Mayonnaise,http://dbpedia.org/resource/Mayonnaise,"[(23, 10)]"
615,0recipe1720,Hot sauce,http://dbpedia.org/resource/Hot_sauce,"[(25, 9)]"
616,0recipe1720,Scallion,http://dbpedia.org/resource/Scallion,"[(28, 8)]"
617,0recipe1720,Onion,http://dbpedia.org/resource/Onion,"[(29, 5)]"
618,0recipe1733,Sour cream,http://dbpedia.org/resource/Sour_cream,"[(8, 10), (53, 10), (65, 10)]"
619,0recipe1733,Cream,http://dbpedia.org/resource/Cream,"[(9, 5), (54, 5), (66, 5)]"
620,0recipe1733,Taco,http://dbpedia.org/resource/Taco,"[(11, 4)]"
621,0recipe1733,Bean,http://dbpedia.org/resource/Bean,"[(18, 4), (37, 4)]"
622,0recipe1733,Avocado,http://dbpedia.org/resource/Avocado,"[(32, 7), (58, 7)]"
623,0recipe1733,Lemon,http://dbpedia.org/resource/Lemon,"[(42, 5), (42, 5)]"
624,0recipe1733,Garlic,http://dbpedia.org/resource/Garlic,"[(45, 6)]"
625,0recipe1733,Salt,http://dbpedia.org/resource/Salt,"[(46, 4)]"
626,0recipe1733,Olive,http://dbpedia.org/resource/Olive,"[(62, 5), (72, 5)]"
627,0recipe1733,Tomato,http://dbpedia.org/resource/Tomato,"[(69, 6)]"
628,0recipe1733,Cheese,http://dbpedia.org/resource/Cheese,"[(76, 6)]"
629,0recipe1733,Onion,http://dbpedia.org/resource/Onion,"[(79, 5)]"
630,0recipe1733,Tortilla chip,http://dbpedia.org/resource/Tortilla_chip,"[(87, 13), (88, 13)]"
631,0recipe1745,Water,http://dbpedia.org/resource/Water,"[(4, 5)]"
632,0recipe1745,Raisin,http://dbpedia.org/resource/Raisin,"[(7, 6), (68, 6)]"
633,0recipe1745,Cinnamon,http://dbpedia.org/resource/Cinnamomum_verum,"[(9, 8)]"
634,0recipe1745,Peanut,http://dbpedia.org/resource/Peanut,"[(28, 6)]"
635,0recipe1745,Peanut butter,http://dbpedia.org/resource/Peanut_butter,"[(28, 13)]"
636,0recipe1745,Butter,http://dbpedia.org/resource/Butter,"[(29, 6)]"
637,0recipe1745,Vanilla,http://dbpedia.org/resource/Vanilla_(genus),"[(31, 7)]"
638,0recipe1745,Vanilla extract,http://dbpedia.org/resource/Vanilla_extract,"[(31, 15), (32, 15)]"
639,0recipe1745,Maple syrup,http://dbpedia.org/resource/Maple_syrup,"[(34, 11), (34, 11), (35, 11)]"
640,0recipe1745,Canola oil,,"[(37, 10), (37, 10)]"
641,0recipe1745,Flax,http://dbpedia.org/resource/Flax,"[(42, 4), (42, 4)]"
642,0recipe1745,Chickpea,http://dbpedia.org/resource/Chickpea,"[(64, 8), (64, 8)]"
643,0recipe1745,Bean,http://dbpedia.org/resource/Bean,"[(65, 4)]"
644,0recipe1745,Oatmeal,http://dbpedia.org/resource/Porridge,"[(71, 7)]"
645,0recipe1745,Coconut,http://dbpedia.org/resource/Coconut,"[(74, 7)]"
646,0recipe1753,Lemon,http://dbpedia.org/resource/Lemon,"[(2, 5), (2, 5)]"
647,0recipe1753,Olive oil,http://dbpedia.org/resource/Olive_oil,"[(5, 9), (6, 9), (6, 9), (7, 9)]"
648,0recipe1753,Salt,http://dbpedia.org/resource/Salt,"[(9, 4)]"
649,0recipe1753,Black pepper,http://dbpedia.org/resource/Black_pepper,"[(11, 12), (12, 12)]"
650,0recipe1753,Italian seasoning,,"[(14, 17)]"
651,0recipe1753,Garlic,http://dbpedia.org/resource/Garlic,"[(18, 6)]"
652,0recipe1753,Artichoke,http://dbpedia.org/resource/Artichoke,"[(40, 9), (40, 9), (53, 9), (53, 9)]"
653,0recipe1765,Mayonnaise,http://dbpedia.org/resource/Mayonnaise,"[(3, 10)]"
654,0recipe1765,Garlic,http://dbpedia.org/resource/Garlic,"[(5, 6)]"
655,0recipe1765,Lemon,http://dbpedia.org/resource/Lemon,"[(14, 5), (14, 5)]"
656,0recipe1765,Basil,http://dbpedia.org/resource/Basil,"[(17, 5)]"
657,0recipe1765,Worcestershire sauce,http://dbpedia.org/resource/Worcestershire_sauce,"[(26, 20), (27, 20)]"
658,0recipe1777,Oven,http://dbpedia.org/resource/Stove,"[(3, 4), (117, 4)]"
659,0recipe1777,Dough,http://dbpedia.org/resource/Dough,"[(16, 5), (64, 5)]"
660,0recipe1777,Pepperoni,http://dbpedia.org/resource/Pepperoni,"[(30, 9), (47, 9)]"
661,0recipe1777,Mozzarella,http://dbpedia.org/resource/Mozzarella,"[(41, 10), (41, 10)]"
662,0recipe1777,Cheese,http://dbpedia.org/resource/Cheese,"[(42, 6), (50, 6), (56, 6)]"
663,0recipe1777,Bread,http://dbpedia.org/resource/Bread,"[(88, 5), (99, 5), (120, 5)]"
664,0recipe1777,Olive oil,http://dbpedia.org/resource/Olive_oil,"[(101, 9), (101, 9), (102, 9)]"
665,0recipe1797,Zucchini,http://dbpedia.org/resource/Cucurbita_pepo,"[(3, 8), (31, 8), (54, 8)]"
666,0recipe1797,Colander,http://dbpedia.org/resource/Colander,"[(6, 8), (15, 8)]"
667,0recipe1797,Salt,http://dbpedia.org/resource/Salt,"[(11, 4), (65, 4)]"
668,0recipe1797,Cream,http://dbpedia.org/resource/Cream,"[(41, 5), (45, 5)]"
669,0recipe1797,Cream cheese,http://dbpedia.org/resource/Cream_cheese,"[(41, 12)]"
670,0recipe1797,Cheese,http://dbpedia.org/resource/Cheese,"[(42, 6)]"
671,0recipe1797,Sour cream,http://dbpedia.org/resource/Sour_cream,"[(44, 10)]"
672,0recipe1797,Artichoke,http://dbpedia.org/resource/Artichoke,"[(50, 9), (50, 9)]"
673,0recipe1797,Olive,http://dbpedia.org/resource/Olive,"[(57, 5), (58, 5)]"
674,0recipe1797,Hot sauce,http://dbpedia.org/resource/Hot_sauce,"[(62, 9)]"
675,0recipe1797,Chili pepper,http://dbpedia.org/resource/Chili_pepper,"[(67, 12)]"
676,0recipe1797,Pico de gallo,http://dbpedia.org/resource/Pico_de_gallo,"[(70, 13)]"
677,0recipe1797,Seasoning,http://dbpedia.org/resource/Seasoning,"[(73, 9)]"
678,0recipe1797,Vegetable,http://dbpedia.org/resource/Vegetable,"[(80, 9)]"
679,0recipe1797,Maize,http://dbpedia.org/resource/Maize,"[(83, 5)]"
680,0recipe1809,Cream cheese,http://dbpedia.org/resource/Cream_cheese,"[(7, 12)]"
681,0recipe1809,Cheese,http://dbpedia.org/resource/Cheese,"[(8, 6)]"
682,0recipe1809,Zucchini,http://dbpedia.org/resource/Cucurbita_pepo,"[(18, 8)]"
683,0recipe1809,Chives,http://dbpedia.org/resource/Chives,"[(20, 6)]"
684,0recipe1809,Salt,http://dbpedia.org/resource/Salt,"[(22, 4)]"
685,0recipe1817,Cream cheese,http://dbpedia.org/resource/Cream_cheese,"[(8, 12)]"
686,0recipe1817,Cheese,http://dbpedia.org/resource/Cheese,"[(9, 6)]"
687,0recipe1817,Sour cream,http://dbpedia.org/resource/Sour_cream,"[(11, 10)]"
688,0recipe1817,Meat,http://dbpedia.org/resource/Meat,"[(15, 4)]"
689,0recipe1817,Lemon,http://dbpedia.org/resource/Lemon,"[(17, 5), (17, 5)]"
690,0recipe1817,Garlic,http://dbpedia.org/resource/Garlic,"[(20, 6)]"
691,0recipe1817,Garlic salt,http://dbpedia.org/resource/Garlic_salt,"[(20, 11)]"
692,0recipe1817,Salt,http://dbpedia.org/resource/Salt,"[(21, 4)]"
693,0recipe1829,Shrimp,http://dbpedia.org/resource/Shrimp,"[(15, 6), (28, 6)]"
694,0recipe1829,Onion,http://dbpedia.org/resource/Onion,"[(31, 5)]"
695,0recipe1829,Bell pepper,http://dbpedia.org/resource/Bell_pepper,"[(33, 11), (33, 11)]"
696,0recipe1829,Black pepper,http://dbpedia.org/resource/Black_pepper,"[(34, 12), (50, 12), (51, 12)]"
697,0recipe1829,Garlic,http://dbpedia.org/resource/Garlic,"[(36, 6)]"
698,0recipe1829,Mayonnaise,http://dbpedia.org/resource/Mayonnaise,"[(38, 10)]"
699,0recipe1829,Vegetable oil,http://dbpedia.org/resource/Cooking_oil,"[(40, 13), (40, 13), (41, 13)]"
700,0recipe1829,Cheese,http://dbpedia.org/resource/Cheese,"[(61, 6), (72, 6)]"
701,0recipe1841,Butter,http://dbpedia.org/resource/Butter,"[(9, 6), (91, 6), (113, 6)]"
702,0recipe1841,Coriander,http://dbpedia.org/resource/Coriander,"[(11, 9)]"
703,0recipe1841,Garlic,http://dbpedia.org/resource/Garlic,"[(13, 6)]"
704,0recipe1841,Shallot,http://dbpedia.org/resource/Shallot,"[(15, 7)]"
705,0recipe1841,Lime (fruit),http://dbpedia.org/resource/Lime_(fruit),"[(20, 12), (20, 12)]"
706,0recipe1841,Sriracha,,"[(24, 8), (24, 8)]"
707,0recipe1841,Sauce,http://dbpedia.org/resource/Sauce,"[(25, 5)]"
708,0recipe1841,Grilling,http://dbpedia.org/resource/Griddle,"[(46, 8), (57, 8), (87, 8), (110, 8)]"
709,0recipe1841,Milk,http://dbpedia.org/resource/Milk,"[(52, 4)]"
710,0recipe1841,Oyster,http://dbpedia.org/resource/Oyster,"[(53, 6), (75, 6), (108, 6)]"
711,0recipe1841,Liqueur,http://dbpedia.org/resource/Liqueur,"[(80, 7)]"
712,0recipe1841,Halite,http://dbpedia.org/resource/Halite,"[(122, 6)]"
713,0recipe1841,Salt,http://dbpedia.org/resource/Salt,"[(123, 4)]"
714,0recipe1849,Barbecue grill,http://dbpedia.org/resource/Barbecue_grill,"[(3, 14), (4, 14), (94, 14)]"
715,0recipe1849,Olive oil,http://dbpedia.org/resource/Olive_oil,"[(10, 9)]"
716,0recipe1849,Frying pan,http://dbpedia.org/resource/Frying_pan,"[(17, 10)]"
717,0recipe1849,Cooking,http://dbpedia.org/resource/Cooking,"[(22, 7), (105, 7)]"
718,0recipe1849,Sausage,http://dbpedia.org/resource/Sausage,"[(24, 7), (69, 7)]"
719,0recipe1849,Fat,http://dbpedia.org/resource/Fat,"[(30, 3)]"
720,0recipe1849,Black pepper,http://dbpedia.org/resource/Black_pepper,"[(40, 12), (59, 12), (73, 12), (95, 12), (112, 12)]"
721,0recipe1849,Potato,http://dbpedia.org/resource/Potato,"[(50, 6)]"
722,0recipe1849,Cream cheese,http://dbpedia.org/resource/Cream_cheese,"[(61, 12)]"
723,0recipe1849,Cheese,http://dbpedia.org/resource/Cheese,"[(62, 6)]"
724,0recipe1849,Bacon,http://dbpedia.org/resource/Bacon,"[(84, 5), (89, 5), (107, 5)]"
725,0recipe1861,Cream,http://dbpedia.org/resource/Cream,"[(2, 5), (6, 5)]"
726,0recipe1861,Cream cheese,http://dbpedia.org/resource/Cream_cheese,"[(2, 12)]"
727,0recipe1861,Cheese,http://dbpedia.org/resource/Cheese,"[(3, 6)]"
728,0recipe1861,Sour cream,http://dbpedia.org/resource/Sour_cream,"[(5, 10)]"
729,0recipe1861,Mayonnaise,http://dbpedia.org/resource/Mayonnaise,"[(9, 10)]"
730,0recipe1861,Ranch dressing,http://dbpedia.org/resource/Ranch_dressing,"[(21, 14), (21, 14)]"
731,0recipe1861,Scallion,http://dbpedia.org/resource/Scallion,"[(25, 8)]"
732,0recipe1861,Onion,http://dbpedia.org/resource/Onion,"[(26, 5)]"
733,0recipe1893,Cream cheese,http://dbpedia.org/resource/Cream_cheese,"[(4, 12)]"
734,0recipe1893,Sugar,http://dbpedia.org/resource/Sugar,"[(7, 5)]"
735,0recipe1893,Vanilla,http://dbpedia.org/resource/Vanilla_(genus),"[(15, 7)]"
736,0recipe1893,Vanilla extract,http://dbpedia.org/resource/Vanilla_extract,"[(15, 15), (16, 15)]"
737,0recipe1893,Whipped cream,http://dbpedia.org/resource/Whipped_cream,"[(20, 13)]"
738,0recipe190,Butter,http://dbpedia.org/resource/Butter,"[(6, 6)]"
739,0recipe190,Honey,http://dbpedia.org/resource/Honey,"[(8, 5)]"
740,0recipe190,Hair,http://dbpedia.org/resource/Hair,"[(10, 4)]"
741,0recipe190,Refrigerator,http://dbpedia.org/resource/Refrigerator,"[(18, 12)]"
742,0recipe1906,Salt,http://dbpedia.org/resource/Salt,"[(8, 4), (48, 4)]"
743,0recipe1906,Water,http://dbpedia.org/resource/Water,"[(9, 5), (49, 5)]"
744,0recipe1906,Cauliflower,http://dbpedia.org/resource/Cauliflower,"[(15, 11), (115, 11), (131, 11)]"
745,0recipe1906,Onion,http://dbpedia.org/resource/Onion,"[(18, 5)]"
746,0recipe1906,Capsicum,http://dbpedia.org/resource/Capsicum,"[(20, 8)]"
747,0recipe1906,Bell pepper,http://dbpedia.org/resource/Bell_pepper,"[(21, 11), (21, 11), (22, 11), (24, 11), (25, 11), (25, 11), (26, 11)]"
748,0recipe1906,Celery,http://dbpedia.org/resource/Celery,"[(28, 6)]"
749,0recipe1906,Cucumber,http://dbpedia.org/resource/Cucumber,"[(30, 8)]"
750,0recipe1906,Carrot,http://dbpedia.org/resource/Carrot,"[(55, 6), (95, 6)]"
751,0recipe1906,Vegetable,http://dbpedia.org/resource/Vegetable,"[(112, 9)]"
752,0recipe1906,Vegetable oil,http://dbpedia.org/resource/Cooking_oil,"[(73, 13), (73, 13), (74, 13)]"
753,0recipe1906,Vinegar,http://dbpedia.org/resource/Vinegar,"[(76, 7)]"
754,0recipe1906,Tomato,http://dbpedia.org/resource/Tomato,"[(78, 6)]"
755,0recipe1906,Pickling,http://dbpedia.org/resource/Pickling,"[(81, 8), (160, 8)]"
756,0recipe1906,Spice,http://dbpedia.org/resource/Spice,"[(82, 5), (161, 5)]"
757,0recipe1906,Olive,http://dbpedia.org/resource/Olive,"[(138, 5), (139, 5), (141, 5), (142, 5)]"
758,0recipe1906,Tuna,http://dbpedia.org/resource/Tuna,"[(146, 4)]"
759,0recipe1913,Sour cream,http://dbpedia.org/resource/Sour_cream,"[(8, 10)]"
760,0recipe1913,Cream cheese,http://dbpedia.org/resource/Cream_cheese,"[(11, 12)]"
761,0recipe1913,Cheese,http://dbpedia.org/resource/Cheese,"[(12, 6)]"
762,0recipe1913,Mayonnaise,http://dbpedia.org/resource/Mayonnaise,"[(14, 10)]"
763,0recipe1913,Worcestershire sauce,http://dbpedia.org/resource/Worcestershire_sauce,"[(16, 20), (17, 20)]"
764,0recipe1913,Parsley,http://dbpedia.org/resource/Parsley,"[(19, 7)]"
765,0recipe1913,Onion,http://dbpedia.org/resource/Onion,"[(21, 5)]"
766,0recipe1913,Salt,http://dbpedia.org/resource/Salt,"[(22, 4), (25, 4), (28, 4)]"
767,0recipe1913,Celery,http://dbpedia.org/resource/Celery,"[(24, 6)]"
768,0recipe1913,Garlic,http://dbpedia.org/resource/Garlic,"[(27, 6)]"
769,0recipe1913,Shrimp,http://dbpedia.org/resource/Shrimp,"[(36, 6)]"
770,0recipe1913,Pork,http://dbpedia.org/resource/Pork,"[(37, 4)]"
771,0recipe1925,Egg,http://dbpedia.org/resource/Egg,"[(2, 3), (28, 3), (34, 3), (51, 3), (102, 3)]"
772,0recipe1925,Water,http://dbpedia.org/resource/Water,"[(9, 5), (12, 5), (18, 5), (31, 5)]"
773,0recipe1925,Yolk,,"[(55, 4), (87, 4)]"
774,0recipe1925,Worcestershire,http://dbpedia.org/resource/Worcestershire,"[(69, 14)]"
775,0recipe1925,Worcestershire sauce,http://dbpedia.org/resource/Worcestershire_sauce,"[(69, 20), (70, 20), (73, 20)]"
776,0recipe1925,Hot sauce,http://dbpedia.org/resource/Hot_sauce,"[(72, 9)]"
777,0recipe1925,Celery,http://dbpedia.org/resource/Celery,"[(75, 6)]"
778,0recipe1925,Celery salt,http://dbpedia.org/resource/Celery_salt,"[(75, 11)]"
779,0recipe1925,Salt,http://dbpedia.org/resource/Salt,"[(76, 4)]"
780,0recipe1925,Butter,http://dbpedia.org/resource/Butter,"[(80, 6)]"
781,0recipe1938,Oven,http://dbpedia.org/resource/Stove,"[(2, 4), (76, 4)]"
782,0recipe1938,Baking,http://dbpedia.org/resource/Baking,"[(17, 6), (30, 6), (69, 6)]"
783,0recipe1938,Sheet pan,http://dbpedia.org/resource/Sheet_pan,"[(17, 9), (69, 9)]"
784,0recipe1938,Italian cuisine,http://dbpedia.org/resource/Italian_cuisine,"[(27, 15)]"
785,0recipe1938,Italian sausage,http://dbpedia.org/resource/Italian_sausage,"[(27, 15)]"
786,0recipe1938,Sausage,http://dbpedia.org/resource/Sausage,"[(28, 7)]"
787,0recipe1938,Bell pepper,http://dbpedia.org/resource/Bell_pepper,"[(33, 11), (34, 11), (34, 11), (35, 11)]"
788,0recipe1938,Onion,http://dbpedia.org/resource/Onion,"[(38, 5)]"
789,0recipe1938,Mozzarella,http://dbpedia.org/resource/Mozzarella,"[(40, 10), (40, 10)]"
790,0recipe1938,Cheese,http://dbpedia.org/resource/Cheese,"[(41, 6)]"
791,0recipe1938,Pizza,http://dbpedia.org/resource/Pizza,"[(43, 5), (43, 5), (65, 5)]"
792,0recipe1971,Oven,http://dbpedia.org/resource/Stove,"[(2, 4), (108, 4)]"
793,0recipe1971,Olive oil,http://dbpedia.org/resource/Olive_oil,"[(20, 9), (20, 9), (21, 9), (39, 9), (101, 9), (101, 9), (102, 9)]"
794,0recipe1971,Ramekin,http://dbpedia.org/resource/Ramekin,"[(28, 7), (36, 7), (51, 7), (84, 7)]"
795,0recipe1971,Basil,http://dbpedia.org/resource/Basil,"[(34, 5), (48, 5), (76, 5)]"
796,0recipe1971,Goat,http://dbpedia.org/resource/Goat,"[(43, 4)]"
797,0recipe1971,Goat cheese,http://dbpedia.org/resource/Goat_cheese,"[(43, 11)]"
798,0recipe1971,Cheese,http://dbpedia.org/resource/Cheese,"[(44, 6)]"
799,0recipe1971,Cherry,http://dbpedia.org/resource/Prunus_avium,"[(56, 6)]"
800,0recipe1971,Tomato,http://dbpedia.org/resource/Tomato,"[(57, 6)]"
801,0recipe1971,Black pepper,http://dbpedia.org/resource/Black_pepper,"[(62, 12), (63, 12)]"
802,0recipe1971,Baking,http://dbpedia.org/resource/Baking,"[(87, 6)]"
803,0recipe1978,Oven,http://dbpedia.org/resource/Stove,"[(2, 4), (119, 4)]"
804,0recipe1978,Cookware and bakeware,http://dbpedia.org/resource/Cookware_and_bakeware,"[(19, 21), (142, 21)]"
805,0recipe1978,Water,http://dbpedia.org/resource/Water,"[(23, 5), (34, 5)]"
806,0recipe1978,Boiling,http://dbpedia.org/resource/Boiling,"[(37, 7)]"
807,0recipe1978,Chicken,http://dbpedia.org/resource/Chicken,"[(40, 7), (87, 7)]"
808,0recipe1978,Buffalo wing,http://dbpedia.org/resource/Buffalo_wing,"[(40, 12), (87, 12)]"
809,0recipe1978,Thermometer,http://dbpedia.org/resource/Thermometer,"[(70, 11)]"
810,0recipe1978,Baking,http://dbpedia.org/resource/Baking,"[(106, 6), (129, 6)]"
811,0recipe1978,Salt,http://dbpedia.org/resource/Salt,"[(111, 4)]"
812,0recipe1978,Black pepper,http://dbpedia.org/resource/Black_pepper,"[(113, 12), (162, 12)]"
813,0recipe1978,Butter,http://dbpedia.org/resource/Butter,"[(139, 6), (166, 6)]"
814,0recipe1978,Temperature,http://dbpedia.org/resource/Temperature,"[(148, 11), (184, 11)]"
815,0recipe1978,Hot sauce,http://dbpedia.org/resource/Hot_sauce,"[(148, 9)]"
816,0recipe1978,Sauce,http://dbpedia.org/resource/Sauce,"[(149, 5), (198, 5)]"
817,0recipe1978,Brown sugar,http://dbpedia.org/resource/Brown_sugar,"[(151, 11)]"
818,0recipe1978,Sugar,http://dbpedia.org/resource/Sugar,"[(152, 5)]"
819,0recipe1978,Onion,http://dbpedia.org/resource/Onion,"[(154, 5)]"
820,0recipe1978,Onion powder,http://dbpedia.org/resource/Onion_powder,"[(154, 12)]"
821,0recipe1978,Garlic,http://dbpedia.org/resource/Garlic,"[(157, 6)]"
822,0recipe1978,Garlic powder,http://dbpedia.org/resource/Garlic_powder,"[(157, 13)]"
823,0recipe1978,Cayenne pepper,http://dbpedia.org/resource/Cayenne_pepper,"[(161, 14), (161, 14)]"
824,0recipe1978,Cooking,http://dbpedia.org/resource/Cooking,"[(168, 7)]"
825,0recipe1978,Seasoning,http://dbpedia.org/resource/Seasoning,"[(175, 9)]"
826,0recipe1978,Soup,http://dbpedia.org/resource/Soup,"[(179, 4)]"
827,0recipe1990,Oven,http://dbpedia.org/resource/Stove,"[(3, 4), (123, 4)]"
828,0recipe1990,Roasting,http://dbpedia.org/resource/Roasting,"[(18, 8), (117, 8), (120, 8), (131, 8), (144, 8)]"
829,0recipe1990,Cooking,http://dbpedia.org/resource/Cooking,"[(21, 7)]"
830,0recipe1990,Black pepper,http://dbpedia.org/resource/Black_pepper,"[(25, 12), (26, 12), (28, 12), (29, 12), (32, 12), (101, 12)]"
831,0recipe1990,Cayenne pepper,http://dbpedia.org/resource/Cayenne_pepper,"[(31, 14), (31, 14)]"
832,0recipe1990,Paprika,http://dbpedia.org/resource/Paprika,"[(34, 7)]"
833,0recipe1990,Pasta,http://dbpedia.org/resource/Pasta,"[(37, 5)]"
834,0recipe1990,Thyme,http://dbpedia.org/resource/Thyme,"[(38, 5)]"
835,0recipe1990,Egg white,http://dbpedia.org/resource/Egg_white,"[(48, 9), (49, 9), (91, 9)]"
836,0recipe1990,Hot sauce,http://dbpedia.org/resource/Hot_sauce,"[(60, 9)]"
837,0recipe1990,Sauce,http://dbpedia.org/resource/Sauce,"[(61, 5)]"
838,0recipe1990,Soup,http://dbpedia.org/resource/Soup,"[(64, 4)]"
839,0recipe1990,Smoking (cooking),http://dbpedia.org/resource/Smoking_(cooking),"[(65, 17), (65, 17)]"
840,0recipe1990,Flavor,http://dbpedia.org/resource/Flavor,"[(66, 6)]"
841,0recipe1990,Pecan,http://dbpedia.org/resource/Pecan,"[(74, 5), (83, 5), (109, 5), (114, 5), (129, 5), (145, 5), (153, 5)]"
842,0recipe1990,Spice,http://dbpedia.org/resource/Spice,"[(111, 5)]"
843,0recipe2002,Ground beef,http://dbpedia.org/resource/Ground_beef,"[(7, 11)]"
844,0recipe2002,Beef,http://dbpedia.org/resource/Beef,"[(8, 4)]"
845,0recipe2002,Onion,http://dbpedia.org/resource/Onion,"[(10, 5)]"
846,0recipe2002,Bread crumbs,http://dbpedia.org/resource/Bread_crumbs,"[(13, 12), (13, 12), (14, 12)]"
847,0recipe2002,Frying pan,http://dbpedia.org/resource/Frying_pan,"[(26, 10)]"
848,0recipe2002,Cooking,http://dbpedia.org/resource/Cooking,"[(32, 7)]"
849,0recipe2002,Water,http://dbpedia.org/resource/Water,"[(46, 5)]"
850,0recipe2002,Soy sauce,http://dbpedia.org/resource/Soy_sauce,"[(48, 9), (48, 9)]"
851,0recipe2002,Sauce,http://dbpedia.org/resource/Sauce,"[(49, 5), (77, 5)]"
852,0recipe2002,Garlic,http://dbpedia.org/resource/Garlic,"[(51, 6)]"
853,0recipe2002,Slow cooker,http://dbpedia.org/resource/Slow_cooker,"[(81, 11)]"
854,0recipe202,Roasting,http://dbpedia.org/resource/Roasting,"[(16, 8), (66, 8)]"
855,0recipe202,Cooking,http://dbpedia.org/resource/Cooking,"[(20, 7), (47, 7)]"
856,0recipe202,Microwave,http://dbpedia.org/resource/Microwave,"[(26, 9), (45, 9)]"
857,0recipe202,Butter,http://dbpedia.org/resource/Butter,"[(31, 6), (53, 6), (72, 6)]"
858,0recipe202,Maize,http://dbpedia.org/resource/Maize,"[(33, 5)]"
859,0recipe202,Cereal,http://dbpedia.org/resource/Cereal,"[(34, 6), (58, 6), (76, 6), (84, 6)]"
860,0recipe202,Corn syrup,http://dbpedia.org/resource/Corn_syrup,"[(34, 10)]"
861,0recipe202,Syrup,http://dbpedia.org/resource/Syrup,"[(35, 5)]"
862,0recipe202,Brown sugar,http://dbpedia.org/resource/Brown_sugar,"[(37, 11)]"
863,0recipe202,Sugar,http://dbpedia.org/resource/Sugar,"[(38, 5)]"
864,0recipe202,Pecan,http://dbpedia.org/resource/Pecan,"[(60, 5)]"
865,0recipe202,Almond,http://dbpedia.org/resource/Almond,"[(62, 6)]"
866,0recipe202,Nut (fruit),http://dbpedia.org/resource/Nut_(fruit),"[(78, 11), (86, 11)]"
867,0recipe2022,Bread crumbs,http://dbpedia.org/resource/Bread_crumbs,"[(24, 12), (74, 12), (74, 12), (75, 12)]"
868,0recipe2022,Crab,http://dbpedia.org/resource/Crab,"[(26, 4)]"
869,0recipe2022,Shrimp,http://dbpedia.org/resource/Shrimp,"[(28, 6)]"
870,0recipe2022,Scallion,http://dbpedia.org/resource/Scallion,"[(30, 8)]"
871,0recipe2022,Onion,http://dbpedia.org/resource/Onion,"[(31, 5)]"
872,0recipe2022,Celery,http://dbpedia.org/resource/Celery,"[(33, 6)]"
873,0recipe2022,Mayonnaise,http://dbpedia.org/resource/Mayonnaise,"[(35, 10)]"
874,0recipe2022,Worcestershire,http://dbpedia.org/resource/Worcestershire,"[(37, 14)]"
875,0recipe2022,Worcestershire sauce,http://dbpedia.org/resource/Worcestershire_sauce,"[(37, 20), (38, 20)]"
876,0recipe2022,Parsley,http://dbpedia.org/resource/Parsley,"[(40, 7)]"
877,0recipe2022,Seafood,http://dbpedia.org/resource/Seafood,"[(52, 7)]"
878,0recipe2022,Stuffing,http://dbpedia.org/resource/Stuffing,"[(58, 8)]"
879,0recipe2034,Salt,http://dbpedia.org/resource/Salt,"[(7, 4), (62, 4)]"
880,0recipe2034,Water,http://dbpedia.org/resource/Water,"[(8, 5), (17, 5)]"
881,0recipe2034,Boiling,http://dbpedia.org/resource/Boiling,"[(11, 7), (16, 7), (16, 7)]"
882,0recipe2034,Pasta,http://dbpedia.org/resource/Pasta,"[(14, 5)]"
883,0recipe2034,Cooking,http://dbpedia.org/resource/Cooking,"[(19, 7), (107, 7)]"
884,0recipe2034,Al dente,http://dbpedia.org/resource/Al_dente,"[(27, 8)]"
885,0recipe2034,Crab,http://dbpedia.org/resource/Crab,"[(45, 4)]"
886,0recipe2034,Noodle,http://dbpedia.org/resource/Noodle,"[(47, 6), (89, 6)]"
887,0recipe2034,Scallion,http://dbpedia.org/resource/Scallion,"[(51, 8)]"
888,0recipe2034,Onion,http://dbpedia.org/resource/Onion,"[(52, 5)]"
889,0recipe2034,Bread crumbs,http://dbpedia.org/resource/Bread_crumbs,"[(54, 12), (54, 12), (55, 12)]"
890,0recipe2034,Coriander,http://dbpedia.org/resource/Coriander,"[(57, 9), (141, 9)]"
891,0recipe2034,Olive oil,http://dbpedia.org/resource/Olive_oil,"[(59, 9), (59, 9), (60, 9), (105, 9)]"
892,0recipe2034,Vegetable oil,http://dbpedia.org/resource/Cooking_oil,"[(104, 13), (104, 13)]"
893,0recipe2034,Black pepper,http://dbpedia.org/resource/Black_pepper,"[(64, 12)]"
894,0recipe2034,Wax,http://dbpedia.org/resource/Wax,"[(70, 3)]"
895,0recipe2034,Frying pan,http://dbpedia.org/resource/Frying_pan,"[(101, 10)]"
896,0recipe2034,Mayonnaise,http://dbpedia.org/resource/Mayonnaise,"[(129, 10), (134, 10), (137, 10)]"
897,0recipe2034,Lime (fruit),http://dbpedia.org/resource/Lime_(fruit),"[(143, 12), (146, 12), (146, 12)]"
898,0recipe2042,Refried beans,http://dbpedia.org/resource/Refried_beans,"[(10, 13), (10, 13)]"
899,0recipe2042,Bean,http://dbpedia.org/resource/Bean,"[(11, 4)]"
900,0recipe2042,Taco,http://dbpedia.org/resource/Taco,"[(13, 4)]"
901,0recipe2042,Tomato,http://dbpedia.org/resource/Tomato,"[(17, 6)]"
902,0recipe2042,Cheddar cheese,http://dbpedia.org/resource/Cheddar_cheese,"[(42, 14), (42, 14)]"
903,0recipe2042,Cheese,http://dbpedia.org/resource/Cheese,"[(43, 6)]"
904,0recipe2074,Egg,http://dbpedia.org/resource/Egg,"[(3, 3), (47, 3), (66, 3), (78, 3), (159, 3), (166, 3)]"
905,0recipe2074,Cookware and bakeware,http://dbpedia.org/resource/Cookware_and_bakeware,"[(6, 21), (22, 21)]"
906,0recipe2074,Water,http://dbpedia.org/resource/Water,"[(13, 5), (26, 5), (36, 5), (52, 5), (61, 5), (70, 5)]"
907,0recipe2074,Yolk,,"[(93, 4), (103, 4)]"
908,0recipe2074,Sugar,http://dbpedia.org/resource/Sugar,"[(112, 5)]"
909,0recipe2074,Salt,http://dbpedia.org/resource/Salt,"[(114, 4)]"
910,0recipe2074,Onion,http://dbpedia.org/resource/Onion,"[(116, 5)]"
911,0recipe2074,Onion powder,http://dbpedia.org/resource/Onion_powder,"[(116, 12)]"
912,0recipe2074,Garlic,http://dbpedia.org/resource/Garlic,"[(119, 6)]"
913,0recipe2074,Garlic powder,http://dbpedia.org/resource/Garlic_powder,"[(119, 13)]"
914,0recipe2074,Black pepper,http://dbpedia.org/resource/Black_pepper,"[(123, 12), (124, 12)]"
915,0recipe2074,Mustard (condiment),http://dbpedia.org/resource/Mustard_(condiment),"[(128, 19)]"
916,0recipe2074,Mayonnaise,http://dbpedia.org/resource/Mayonnaise,"[(130, 10)]"
917,0recipe2074,Salad,http://dbpedia.org/resource/Salad,"[(132, 5), (132, 5), (133, 5)]"
918,0recipe2074,Vinegar,http://dbpedia.org/resource/Vinegar,"[(136, 7)]"
919,0recipe2074,Paprika,http://dbpedia.org/resource/Paprika,"[(172, 7)]"
920,0recipe2098,Oven,http://dbpedia.org/resource/Stove,"[(2, 4), (56, 4)]"
921,0recipe2098,Baking,http://dbpedia.org/resource/Baking,"[(16, 6), (50, 6), (65, 6)]"
922,0recipe2098,Cooking,http://dbpedia.org/resource/Cooking,"[(20, 7)]"
923,0recipe2098,Cauliflower,http://dbpedia.org/resource/Cauliflower,"[(25, 11), (46, 11)]"
924,0recipe2098,Olive oil,http://dbpedia.org/resource/Olive_oil,"[(35, 9), (35, 9), (36, 9)]"
925,0recipe2098,Garlic,http://dbpedia.org/resource/Garlic,"[(38, 6)]"
926,0recipe2098,Garlic powder,http://dbpedia.org/resource/Garlic_powder,"[(38, 13)]"
927,0recipe2098,Cheese,http://dbpedia.org/resource/Cheese,"[(63, 6), (68, 6)]"
928,0recipe2098,Sriracha,,"[(81, 8), (81, 8)]"
929,0recipe2098,Sauce,http://dbpedia.org/resource/Sauce,"[(82, 5)]"
930,0recipe2098,Scallion,http://dbpedia.org/resource/Scallion,"[(88, 8)]"
931,0recipe2098,Onion,http://dbpedia.org/resource/Onion,"[(89, 5)]"
932,0recipe2098,Milk,http://dbpedia.org/resource/Milk,"[(97, 4)]"
933,0recipe21,Oven,http://dbpedia.org/resource/Stove,"[(3, 4)]"
934,0recipe21,Cookie,http://dbpedia.org/resource/Leibniz-Keks,"[(18, 6)]"
935,0recipe21,Sheet pan,http://dbpedia.org/resource/Sheet_pan,"[(18, 9)]"
936,0recipe21,Paper,http://dbpedia.org/resource/Paper,"[(19, 5), (22, 5)]"
937,0recipe21,Parchment paper,,"[(21, 15), (21, 15)]"
938,0recipe21,Leaf vegetable,http://dbpedia.org/resource/Leaf_vegetable,"[(33, 14)]"
939,0recipe21,Kale,http://dbpedia.org/resource/Kale,"[(49, 4), (56, 4)]"
940,0recipe21,Salad,http://dbpedia.org/resource/Salad,"[(52, 5)]"
941,0recipe21,Salad spinner,http://dbpedia.org/resource/Salad_spinner,"[(52, 13)]"
942,0recipe21,Olive oil,http://dbpedia.org/resource/Olive_oil,"[(58, 9), (58, 9), (59, 9)]"
943,0recipe21,Seasoning,http://dbpedia.org/resource/Seasoning,"[(63, 9)]"
944,0recipe21,Salt,http://dbpedia.org/resource/Salt,"[(64, 4)]"
945,0recipe2106,Pork,http://dbpedia.org/resource/Pork,"[(2, 4), (67, 4), (87, 4), (112, 4), (117, 4), (129, 4), (156, 4), (212, 4), (292, 4)]"
946,0recipe2106,Onion,http://dbpedia.org/resource/Onion,"[(7, 5), (137, 5)]"
947,0recipe2106,Scallion,http://dbpedia.org/resource/Scallion,"[(136, 8)]"
948,0recipe2106,Celery,http://dbpedia.org/resource/Celery,"[(9, 6)]"
949,0recipe2106,Poblano,http://dbpedia.org/resource/Poblano,"[(11, 7), (11, 7)]"
950,0recipe2106,Black pepper,http://dbpedia.org/resource/Black_pepper,"[(12, 12), (15, 12), (28, 12), (29, 12), (38, 12), (224, 12), (229, 12), (230, 12)]"
951,0recipe2106,Garlic,http://dbpedia.org/resource/Garlic,"[(17, 6)]"
952,0recipe2106,Kashrut,http://dbpedia.org/resource/Kashrut,"[(19, 7)]"
953,0recipe2106,Kosher salt,http://dbpedia.org/resource/Kosher_salt,"[(19, 11)]"
954,0recipe2106,Salt,http://dbpedia.org/resource/Salt,"[(20, 4), (226, 4)]"
955,0recipe2106,Chili powder,http://dbpedia.org/resource/Chili_powder,"[(31, 12), (31, 12), (32, 12)]"
956,0recipe2106,Cayenne pepper,http://dbpedia.org/resource/Cayenne_pepper,"[(37, 14), (37, 14), (223, 14), (223, 14)]"
957,0recipe2106,Water,http://dbpedia.org/resource/Water,"[(64, 5)]"
958,0recipe2106,Boiling,http://dbpedia.org/resource/Boiling,"[(77, 7)]"
959,0recipe2106,Soup,http://dbpedia.org/resource/Soup,"[(110, 4), (147, 4)]"
960,0recipe2106,Rice,http://dbpedia.org/resource/Rice,"[(131, 4)]"
961,0recipe2106,Parsley,http://dbpedia.org/resource/Parsley,"[(133, 7)]"
962,0recipe2106,Cooking,http://dbpedia.org/resource/Cooking,"[(146, 7), (299, 7)]"
963,0recipe2106,Olive oil,http://dbpedia.org/resource/Olive_oil,"[(193, 9), (304, 9)]"
964,0recipe2106,Flour,http://dbpedia.org/resource/Flour,"[(219, 5), (256, 5), (265, 5)]"
965,0recipe2106,Bread crumbs,http://dbpedia.org/resource/Bread_crumbs,"[(238, 12), (277, 12), (277, 12), (278, 12), (281, 12), (288, 12)]"
966,0recipe2106,Egg,http://dbpedia.org/resource/Egg,"[(245, 3), (272, 3)]"
967,0recipe2106,Boudin,http://dbpedia.org/resource/Boudin,"[(300, 6)]"
968,0recipe2118,Tomato,http://dbpedia.org/resource/Tomato,"[(2, 6)]"
969,0recipe2118,Onion,http://dbpedia.org/resource/Onion,"[(5, 5), (8, 5)]"
970,0recipe2118,Chili pepper,http://dbpedia.org/resource/Chili_pepper,"[(10, 12), (11, 12)]"
971,0recipe2118,Lime (fruit),http://dbpedia.org/resource/Lime_(fruit),"[(13, 12), (13, 12)]"
972,0recipe2118,Coriander,http://dbpedia.org/resource/Coriander,"[(16, 9)]"
973,0recipe2118,Garlic,http://dbpedia.org/resource/Garlic,"[(18, 6)]"
974,0recipe2118,Cumin,http://dbpedia.org/resource/Cumin,"[(20, 5)]"
975,0recipe2118,Salt,http://dbpedia.org/resource/Salt,"[(23, 4)]"
976,0recipe2118,Seafood,http://dbpedia.org/resource/Seafood,"[(26, 7)]"
977,0recipe2131,Corned beef,http://dbpedia.org/resource/Corned_beef,"[(19, 11)]"
978,0recipe2131,Beef,http://dbpedia.org/resource/Beef,"[(20, 4)]"
979,0recipe2131,Swiss cheese (North America),,"[(22, 28), (22, 28)]"
980,0recipe2131,Cheese,http://dbpedia.org/resource/Cheese,"[(23, 6)]"
981,0recipe2131,Sauerkraut,http://dbpedia.org/resource/Sauerkraut,"[(25, 10)]"
982,0recipe2131,Salad,http://dbpedia.org/resource/Salad,"[(29, 5), (29, 5), (30, 5)]"
983,0recipe2131,Pie,http://dbpedia.org/resource/Pie,"[(39, 3)]"
984,0recipe2138,Oven,http://dbpedia.org/resource/Stove,"[(2, 4), (151, 4)]"
985,0recipe2138,Grease (musical),http://dbpedia.org/resource/Grease_(musical),"[(13, 16)]"
986,0recipe2138,Baking,http://dbpedia.org/resource/Baking,"[(15, 6), (56, 6)]"
987,0recipe2138,Sheet pan,http://dbpedia.org/resource/Sheet_pan,"[(15, 9), (56, 9)]"
988,0recipe2138,Dough,http://dbpedia.org/resource/Dough,"[(22, 5)]"
989,0recipe2138,Triangle,http://dbpedia.org/resource/Triangle,"[(26, 8), (32, 8), (51, 8), (105, 8), (114, 8), (133, 8)]"
990,0recipe2138,Crab,http://dbpedia.org/resource/Crab,"[(65, 4), (96, 4), (123, 4), (138, 4), (154, 4)]"
991,0recipe2138,Cream,http://dbpedia.org/resource/Cream,"[(76, 5)]"
992,0recipe2138,Sauce,http://dbpedia.org/resource/Sauce,"[(80, 5)]"
993,0recipe2138,Cream cheese,http://dbpedia.org/resource/Cream_cheese,"[(76, 12)]"
994,0recipe2138,Cheese,http://dbpedia.org/resource/Cheese,"[(77, 6)]"
995,0recipe2138,Cocktail,http://dbpedia.org/resource/Cocktail,"[(79, 8)]"
996,0recipe2138,Cocktail sauce,http://dbpedia.org/resource/Cocktail_sauce,"[(79, 14)]"
997,0recipe2138,Tablespoon,http://dbpedia.org/resource/Tablespoon,"[(93, 10)]"
998,0recipe2138,Puff pastry,http://dbpedia.org/resource/Puff_pastry,"[(155, 11)]"
999,0recipe2150,Cream cheese,http://dbpedia.org/resource/Cream_cheese,"[(8, 12)]"
1000,0recipe2150,Cheese,http://dbpedia.org/resource/Cheese,"[(9, 6), (27, 6)]"
1001,0recipe2150,Salad,http://dbpedia.org/resource/Salad,"[(11, 5), (11, 5), (12, 5)]"
1002,0recipe2150,Nut (fruit),http://dbpedia.org/resource/Nut_(fruit),"[(24, 11)]"
1003,0recipe2163,Refried beans,http://dbpedia.org/resource/Refried_beans,"[(2, 13), (2, 13), (56, 13), (56, 13)]"
1004,0recipe2163,Bean,http://dbpedia.org/resource/Bean,"[(3, 4), (14, 4), (57, 4)]"
1005,0recipe2163,Avocado,http://dbpedia.org/resource/Avocado,"[(27, 7), (40, 7)]"
1006,0recipe2163,Mayonnaise,http://dbpedia.org/resource/Mayonnaise,"[(43, 10)]"
1007,0recipe2163,Sour cream,http://dbpedia.org/resource/Sour_cream,"[(45, 10)]"
1008,0recipe2163,Taco,http://dbpedia.org/resource/Taco,"[(48, 4)]"
1009,0recipe2163,Cheddar cheese,http://dbpedia.org/resource/Cheddar_cheese,"[(61, 14), (61, 14)]"
1010,0recipe2163,Cheese,http://dbpedia.org/resource/Cheese,"[(62, 6)]"
1011,0recipe2163,Lettuce,http://dbpedia.org/resource/Lettuce,"[(65, 7)]"
1012,0recipe2163,Tomato,http://dbpedia.org/resource/Tomato,"[(67, 6)]"
1013,0recipe2163,Scallion,http://dbpedia.org/resource/Scallion,"[(69, 8)]"
1014,0recipe2163,Onion,http://dbpedia.org/resource/Onion,"[(70, 5)]"
1015,0recipe2163,Bell pepper,http://dbpedia.org/resource/Bell_pepper,"[(72, 11), (73, 11)]"
1016,0recipe2163,Olive,http://dbpedia.org/resource/Olive,"[(75, 5), (76, 5)]"
1017,0recipe2163,Tortilla chip,http://dbpedia.org/resource/Tortilla_chip,"[(88, 13), (89, 13)]"
1018,0recipe2170,Sweet potato,http://dbpedia.org/resource/Sweet_potato,"[(3, 12), (100, 12), (113, 12), (159, 12)]"
1019,0recipe2170,Potato,http://dbpedia.org/resource/Potato,"[(4, 6), (25, 6), (40, 6), (101, 6), (114, 6), (160, 6)]"
1020,0recipe2170,Water,http://dbpedia.org/resource/Water,"[(13, 5)]"
1021,0recipe2170,Cooking,http://dbpedia.org/resource/Cooking,"[(23, 7), (172, 7)]"
1022,0recipe2170,Canola oil,,"[(54, 10), (54, 10), (148, 10), (148, 10)]"
1023,0recipe2170,Vegetable oil,http://dbpedia.org/resource/Cooking_oil,"[(55, 13), (149, 13), (191, 13)]"
1024,0recipe2170,Frying pan,http://dbpedia.org/resource/Frying_pan,"[(58, 10), (152, 10), (164, 10)]"
1025,0recipe2170,Black pepper,http://dbpedia.org/resource/Black_pepper,"[(67, 12), (109, 12)]"
1026,0recipe2170,Scallion,http://dbpedia.org/resource/Scallion,"[(69, 8)]"
1027,0recipe2170,Onion,http://dbpedia.org/resource/Onion,"[(70, 5)]"
1028,0recipe2170,Garlic,http://dbpedia.org/resource/Garlic,"[(73, 6)]"
1029,0recipe2170,Vegetable,http://dbpedia.org/resource/Vegetable,"[(80, 9), (90, 9)]"
1030,0recipe2170,Brown sugar,http://dbpedia.org/resource/Brown_sugar,"[(92, 11)]"
1031,0recipe2170,Sugar,http://dbpedia.org/resource/Sugar,"[(93, 5)]"
1032,0recipe2170,Allspice,http://dbpedia.org/resource/Allspice,"[(96, 8)]"
1033,0recipe2170,Salt,http://dbpedia.org/resource/Salt,"[(107, 4)]"
1034,0recipe2183,Bagel,http://dbpedia.org/resource/Bagel,"[(3, 5), (23, 5), (41, 5), (54, 5)]"
1035,0recipe2183,Tomato,http://dbpedia.org/resource/Tomato,"[(6, 6)]"
1036,0recipe2183,Tomato sauce,http://dbpedia.org/resource/Tomato_sauce,"[(6, 12), (7, 12)]"
1037,0recipe2183,Cheese,http://dbpedia.org/resource/Cheese,"[(10, 6)]"
1038,0recipe2183,Onion,http://dbpedia.org/resource/Onion,"[(12, 5)]"
1039,0recipe2183,Bell pepper,http://dbpedia.org/resource/Bell_pepper,"[(14, 11), (14, 11), (15, 11)]"
1040,0recipe2183,Toaster,http://dbpedia.org/resource/Toaster,"[(28, 7), (28, 7), (44, 7), (44, 7)]"
1041,0recipe2195,Oven,http://dbpedia.org/resource/Stove,"[(3, 4), (75, 4)]"
1042,0recipe2195,Muffin,http://dbpedia.org/resource/Muffin,"[(16, 6), (66, 6)]"
1043,0recipe2195,Aluminium,http://dbpedia.org/resource/Aluminium,"[(29, 9)]"
1044,0recipe2195,Aluminium foil,http://dbpedia.org/resource/Aluminium_foil,"[(29, 14), (30, 14), (64, 14)]"
1045,0recipe2195,Bacon,http://dbpedia.org/resource/Bacon,"[(37, 5), (71, 5), (85, 5)]"
1046,0recipe2195,Lettuce,http://dbpedia.org/resource/Lettuce,"[(103, 7)]"
1047,0recipe2195,Tomato,http://dbpedia.org/resource/Tomato,"[(105, 6)]"
1048,0recipe2195,Cheddar cheese,http://dbpedia.org/resource/Cheddar_cheese,"[(111, 14), (111, 14)]"
1049,0recipe2195,Cheese,http://dbpedia.org/resource/Cheese,"[(112, 6)]"
1050,0recipe2203,Mango,http://dbpedia.org/resource/Mangifera_indica,"[(3, 5)]"
1051,0recipe2203,Bell pepper,http://dbpedia.org/resource/Bell_pepper,"[(5, 11), (6, 11), (6, 11), (7, 11), (10, 11), (28, 11)]"
1052,0recipe2203,Onion,http://dbpedia.org/resource/Onion,"[(13, 5)]"
1053,0recipe2203,Lime (fruit),http://dbpedia.org/resource/Lime_(fruit),"[(15, 12), (18, 12), (18, 12)]"
1054,0recipe2203,Vinegar,http://dbpedia.org/resource/Vinegar,"[(21, 7)]"
1055,0recipe2203,Olive oil,http://dbpedia.org/resource/Olive_oil,"[(23, 9), (23, 9), (24, 9)]"
1056,0recipe2215,Egg,http://dbpedia.org/resource/Egg,"[(2, 3), (22, 3), (40, 3), (54, 3), (60, 3), (70, 3), (103, 3)]"
1057,0recipe2215,Water,http://dbpedia.org/resource/Water,"[(9, 5), (26, 5), (37, 5), (47, 5)]"
1058,0recipe2215,Cooking,http://dbpedia.org/resource/Cooking,"[(23, 7)]"
1059,0recipe2215,Egg white,http://dbpedia.org/resource/Egg_white,"[(60, 9), (61, 9), (70, 9), (71, 9), (103, 9), (104, 9)]"
1060,0recipe2215,Mayonnaise,http://dbpedia.org/resource/Mayonnaise,"[(79, 10)]"
1061,0recipe2215,Dijon mustard,,"[(81, 13), (81, 13)]"
1062,0recipe2215,Mustard (condiment),http://dbpedia.org/resource/Mustard_(condiment),"[(82, 19)]"
1063,0recipe2215,Wine,http://dbpedia.org/resource/Wine,"[(84, 4), (85, 4)]"
1064,0recipe2215,Vinegar,http://dbpedia.org/resource/Vinegar,"[(84, 7), (85, 7), (86, 7)]"
1065,0recipe2215,Hot sauce,http://dbpedia.org/resource/Hot_sauce,"[(89, 9)]"
1066,0recipe2227,Egg,http://dbpedia.org/resource/Egg,"[(2, 3), (22, 3), (42, 3), (60, 3), (74, 3), (84, 3), (109, 3), (124, 3), (134, 3), (140, 3), (149, 3), (170, 3), (177, 3), (181, 3), (190, 3), (195, 3), (206, 3)]"
1067,0recipe2227,Cookware and bakeware,http://dbpedia.org/resource/Cookware_and_bakeware,"[(5, 21), (36, 21), (76, 21), (119, 21)]"
1068,0recipe2227,Water,http://dbpedia.org/resource/Water,"[(9, 5), (26, 5), (33, 5), (39, 5), (54, 5), (81, 5), (126, 5)]"
1069,0recipe2227,Boiling,http://dbpedia.org/resource/Boiling,"[(14, 7), (101, 7)]"
1070,0recipe2227,Heat,http://dbpedia.org/resource/Heat,"[(18, 4), (104, 4), (121, 4)]"
1071,0recipe2227,Temperature,http://dbpedia.org/resource/Temperature,"[(25, 11), (32, 11), (38, 11), (131, 11)]"
1072,0recipe2227,Soy sauce,http://dbpedia.org/resource/Soy_sauce,"[(87, 9), (87, 9)]"
1073,0recipe2227,Molasses,http://dbpedia.org/resource/Molasses,"[(90, 8)]"
1074,0recipe2227,Salt,http://dbpedia.org/resource/Salt,"[(92, 4), (165, 4)]"
1075,0recipe2227,Tea,http://dbpedia.org/resource/Tea,"[(95, 3)]"
1076,0recipe2227,Redox,http://dbpedia.org/resource/Redox,"[(103, 5)]"
1077,0recipe2227,Yolk,,"[(153, 4), (170, 4), (171, 4)]"
1078,0recipe2227,Mayonnaise,http://dbpedia.org/resource/Mayonnaise,"[(159, 10)]"
1079,0recipe2227,Bell pepper,http://dbpedia.org/resource/Bell_pepper,"[(161, 11), (162, 11), (162, 11), (163, 11), (168, 11)]"
1080,0recipe2227,Egg white,http://dbpedia.org/resource/Egg_white,"[(181, 9), (182, 9), (190, 9)]"
1081,0recipe2227,Salsa music,http://dbpedia.org/resource/Salsa_music,"[(200, 11), (210, 11)]"
1082,0recipe2235,Bread crumbs,http://dbpedia.org/resource/Bread_crumbs,"[(17, 12), (17, 12), (18, 12), (20, 12)]"
1083,0recipe2235,Parmigiano Reggiano,,"[(22, 19), (22, 19)]"
1084,0recipe2235,Cheese,http://dbpedia.org/resource/Cheese,"[(23, 6), (26, 6)]"
1085,0recipe2235,Mozzarella,http://dbpedia.org/resource/Mozzarella,"[(25, 10), (25, 10)]"
1086,0recipe2235,Milk,http://dbpedia.org/resource/Milk,"[(30, 4)]"
1087,0recipe2235,Butter,http://dbpedia.org/resource/Butter,"[(33, 6)]"
1088,0recipe2235,Mushroom,http://dbpedia.org/resource/Mushroom,"[(59, 8), (71, 8)]"
