Claim,food,dbpedia_iris,wiki_urls
ALA contributes to the maintenance of normal blood cholesterol levels,Alpha-linolenic acid (ALA),"['http://dbpedia.org/resource/Alpha-Linolenic_acid', 'http://dbpedia.org/resource/Acid']","['http://en.wikipedia.org/wiki/Alpha-Linolenic_acid', 'http://en.wikipedia.org/wiki/Acid']"
Activated charcoal contributes to reducing exessive flatulence after eating,Activated charcoal,"['', 'http://dbpedia.org/resource/Activated_carbon', 'http://dbpedia.org/resource/Charcoal']","['http://en.wikipedia.org/wiki/Activated', 'http://en.wikipedia.org/wiki/Activated_carbon', 'http://en.wikipedia.org/wiki/Charcoal']"
Barley grain fibre contributes to an increase in faecal bulk,Barley grain fibre,"['http://dbpedia.org/resource/Barley', '', 'http://dbpedia.org/resource/Fiber']","['http://en.wikipedia.org/wiki/Barley', 'http://en.wikipedia.org/wiki/Grain', 'http://en.wikipedia.org/wiki/Fiber']"
Beta-glucans contribute to the maintenance of normal blood cholesterol levels,Beta-glucans,[],[]
Betaine contributes to normal homocysteine metabolism,Betaine,['http://dbpedia.org/resource/Betaine'],['http://en.wikipedia.org/wiki/Betaine']
Biotin contributes to normal energy-yielding metabolism,Biotin,['http://dbpedia.org/resource/Biotin'],['http://en.wikipedia.org/wiki/Biotin']
Biotin contributes to normal functioning of the nervous system,Biotin,['http://dbpedia.org/resource/Biotin'],['http://en.wikipedia.org/wiki/Biotin']
Biotin contributes to normal macronutrient metabolism,Biotin,['http://dbpedia.org/resource/Biotin'],['http://en.wikipedia.org/wiki/Biotin']
Biotin contributes to normal psychological function,Biotin,['http://dbpedia.org/resource/Biotin'],['http://en.wikipedia.org/wiki/Biotin']
Biotin contributes to the maintenance of normal hair,Biotin,['http://dbpedia.org/resource/Biotin'],['http://en.wikipedia.org/wiki/Biotin']
Biotin contributes to the maintenance of normal mucous membranes,Biotin,['http://dbpedia.org/resource/Biotin'],['http://en.wikipedia.org/wiki/Biotin']
Biotin contributes to the maintenance of normal skin,Biotin,['http://dbpedia.org/resource/Biotin'],['http://en.wikipedia.org/wiki/Biotin']
Calcium contributes to normal blood clotting,Calcium,['http://dbpedia.org/resource/Calcium'],['http://en.wikipedia.org/wiki/Calcium']
Calcium contributes to normal energy-yielding metabolism,Calcium,['http://dbpedia.org/resource/Calcium'],['http://en.wikipedia.org/wiki/Calcium']
Calcium contributes to normal muscle function,Calcium,['http://dbpedia.org/resource/Calcium'],['http://en.wikipedia.org/wiki/Calcium']
Calcium contributes to normal neurotransmission,Calcium,['http://dbpedia.org/resource/Calcium'],['http://en.wikipedia.org/wiki/Calcium']
Calcium contributes to the normal function of digestive enzymes,Calcium,['http://dbpedia.org/resource/Calcium'],['http://en.wikipedia.org/wiki/Calcium']
Calcium has a role in the process of cell division and specialisation,Calcium,['http://dbpedia.org/resource/Calcium'],['http://en.wikipedia.org/wiki/Calcium']
Calcium is needed for the maintenance of normal bones,Calcium,['http://dbpedia.org/resource/Calcium'],['http://en.wikipedia.org/wiki/Calcium']
Calcium is needed for the maintenance of normal teeth,Calcium,['http://dbpedia.org/resource/Calcium'],['http://en.wikipedia.org/wiki/Calcium']
Carbohydrate-electrolyte solutions contribute to the maintenance of endurance performing during prolonged endurance exercise ,Carbohydrate-electrolyte solutions,['http://dbpedia.org/resource/Equation_solving'],['http://en.wikipedia.org/wiki/Equation_solving']
Carbohydrate-electrolyte solutions enhance the absorption of water during physical exercise,Carbohydrate-electrolyte solutions,['http://dbpedia.org/resource/Equation_solving'],['http://en.wikipedia.org/wiki/Equation_solving']
Carbohydrates contribute to the maintenance of normal brain function,Carbohydrates,['http://dbpedia.org/resource/Carbohydrate'],['http://en.wikipedia.org/wiki/Carbohydrate']
Chitosan contributes to the maintenance of normal blood cholesterol levels,Chitosan,['http://dbpedia.org/resource/Chitosan'],['http://en.wikipedia.org/wiki/Chitosan']
Chloride contributes to normal digestion by production of hydrochloric acid in the stomach,Chloride,['http://dbpedia.org/resource/Chloride'],['http://en.wikipedia.org/wiki/Chloride']
Choline contributes to normal homocysteine metabolism,Choline,['http://dbpedia.org/resource/Choline'],['http://en.wikipedia.org/wiki/Choline']
Choline contributes to normal lipid metabolism,Choline,['http://dbpedia.org/resource/Choline'],['http://en.wikipedia.org/wiki/Choline']
Choline contributes to the maintenance of normal liver function,Choline,['http://dbpedia.org/resource/Choline'],['http://en.wikipedia.org/wiki/Choline']
Chromium contributes to normal macronutrient metabolism,Chromium,['http://dbpedia.org/resource/Chromium'],['http://en.wikipedia.org/wiki/Chromium']
Chromium contributes to the maintenance of normal blood glucose levels,Chromium,['http://dbpedia.org/resource/Chromium'],['http://en.wikipedia.org/wiki/Chromium']
Consumption of hydroxypropyl methylcellulose with a meal contributes to a reduction in the blood glucose rise after that meal ,Hydroxypropyl methylcellulose (HPMC),"['http://dbpedia.org/resource/Hypromellose', 'http://dbpedia.org/resource/Methyl_cellulose']","['http://en.wikipedia.org/wiki/Hypromellose', 'http://en.wikipedia.org/wiki/Methyl_cellulose']"
Consumption of alpha-cyclodextrin as a part of a starch-containing meal contributes to the reduction of the blood glucose rise after that meal,Alpha-cyclodextrin,[],[]
Consumption of arabinoxylan as part of a meal contributes to a reduction of the blood glucose rise after that meal ,Arabinoxylan produced from wheat endosperm,"['http://dbpedia.org/resource/Arabinoxylan', 'http://dbpedia.org/resource/Produce', 'http://dbpedia.org/resource/Wheat', 'http://dbpedia.org/resource/Endosperm']","['http://en.wikipedia.org/wiki/Arabinoxylan', 'http://en.wikipedia.org/wiki/Produce', 'http://en.wikipedia.org/wiki/Wheat', 'http://en.wikipedia.org/wiki/Endosperm']"
Consumption of beta-glucans from oats or barley as part of a meal contributes to the reduction of the blood glucose rise after that meal ,Beta-glucans from oats,['http://dbpedia.org/resource/Oat'],['http://en.wikipedia.org/wiki/Oat']
Consumption of beta-glucans from oats or barley as part of a meal contributes to the reduction of the blood glucose rise after that meal ,barley,['http://dbpedia.org/resource/Barley'],['http://en.wikipedia.org/wiki/Barley']
Consumption of foods containing fructose leads to a lower blood glucose rise compared to foods containing sucrose or glucose ,Fructose,['http://dbpedia.org/resource/Fructose'],['http://en.wikipedia.org/wiki/Fructose']
Consumption of foods/drinks containing [name of sugar replacer] instead of sugar* contributes to the maintenance of tooth mineralisation,Sugar replacers,['http://dbpedia.org/resource/Sugar'],['http://en.wikipedia.org/wiki/Sugar']
Consumption of foods/drinks containing [name of sugar replacer] instead of sugar* contributes to the maintenance of tooth mineralisation,i.e. intense sweeteners; xylitol,"['http://dbpedia.org/resource/Luminous_intensity', 'http://dbpedia.org/resource/Sugar_substitute', 'http://dbpedia.org/resource/Xylitol']","['http://en.wikipedia.org/wiki/Luminous_intensity', 'http://en.wikipedia.org/wiki/Sugar_substitute', 'http://en.wikipedia.org/wiki/Xylitol']"
Consumption of foods/drinks containing [name of sugar replacer] instead of sugar* contributes to the maintenance of tooth mineralisation,sorbitol,['http://dbpedia.org/resource/Sorbitol'],['http://en.wikipedia.org/wiki/Sorbitol']
Consumption of foods/drinks containing [name of sugar replacer] instead of sugar* contributes to the maintenance of tooth mineralisation,mannitol,['http://dbpedia.org/resource/Mannitol'],['http://en.wikipedia.org/wiki/Mannitol']
Consumption of foods/drinks containing [name of sugar replacer] instead of sugar* contributes to the maintenance of tooth mineralisation,maltitol,['http://dbpedia.org/resource/Maltitol'],['http://en.wikipedia.org/wiki/Maltitol']
Consumption of foods/drinks containing [name of sugar replacer] instead of sugar* contributes to the maintenance of tooth mineralisation,lactitol,['http://dbpedia.org/resource/Lactitol'],['http://en.wikipedia.org/wiki/Lactitol']
Consumption of foods/drinks containing [name of sugar replacer] instead of sugar* contributes to the maintenance of tooth mineralisation,isomalt,['http://dbpedia.org/resource/Isomalt'],['http://en.wikipedia.org/wiki/Isomalt']
Consumption of foods/drinks containing [name of sugar replacer] instead of sugar* contributes to the maintenance of tooth mineralisation,erythritol,['http://dbpedia.org/resource/Erythritol'],['http://en.wikipedia.org/wiki/Erythritol']
Consumption of foods/drinks containing [name of sugar replacer] instead of sugar* contributes to the maintenance of tooth mineralisation,sucralose,['http://dbpedia.org/resource/Sucralose'],['http://en.wikipedia.org/wiki/Sucralose']
Consumption of foods/drinks containing [name of sugar replacer] instead of sugar* contributes to the maintenance of tooth mineralisation,polydextrose; D-tatatose,['http://dbpedia.org/resource/Polydextrose'],['http://en.wikipedia.org/wiki/Polydextrose']
Consumption of foods/drinks containing [name of sugar replacer] instead of sugar* contributes to the maintenance of tooth mineralisation,isomaltulose,['http://dbpedia.org/resource/Isomaltulose'],['http://en.wikipedia.org/wiki/Isomaltulose']
Consumption of foods/drinks containing [name of sugar replacer] instead of sugar* induces a lower blood glucose rise after their consumption compared to sugar-containing foods/drinks,Sugar replacers,['http://dbpedia.org/resource/Sugar'],['http://en.wikipedia.org/wiki/Sugar']
Consumption of foods/drinks containing [name of sugar replacer] instead of sugar* induces a lower blood glucose rise after their consumption compared to sugar-containing foods/drinks,i.e. intense sweeteners; xylitol,"['http://dbpedia.org/resource/Luminous_intensity', 'http://dbpedia.org/resource/Sugar_substitute', 'http://dbpedia.org/resource/Xylitol']","['http://en.wikipedia.org/wiki/Luminous_intensity', 'http://en.wikipedia.org/wiki/Sugar_substitute', 'http://en.wikipedia.org/wiki/Xylitol']"
Consumption of foods/drinks containing [name of sugar replacer] instead of sugar* induces a lower blood glucose rise after their consumption compared to sugar-containing foods/drinks,sorbitol,['http://dbpedia.org/resource/Sorbitol'],['http://en.wikipedia.org/wiki/Sorbitol']
Consumption of foods/drinks containing [name of sugar replacer] instead of sugar* induces a lower blood glucose rise after their consumption compared to sugar-containing foods/drinks,mannitol,['http://dbpedia.org/resource/Mannitol'],['http://en.wikipedia.org/wiki/Mannitol']
Consumption of foods/drinks containing [name of sugar replacer] instead of sugar* induces a lower blood glucose rise after their consumption compared to sugar-containing foods/drinks,maltitol,['http://dbpedia.org/resource/Maltitol'],['http://en.wikipedia.org/wiki/Maltitol']
Consumption of foods/drinks containing [name of sugar replacer] instead of sugar* induces a lower blood glucose rise after their consumption compared to sugar-containing foods/drinks,lactitol,['http://dbpedia.org/resource/Lactitol'],['http://en.wikipedia.org/wiki/Lactitol']
Consumption of foods/drinks containing [name of sugar replacer] instead of sugar* induces a lower blood glucose rise after their consumption compared to sugar-containing foods/drinks,isomalt,['http://dbpedia.org/resource/Isomalt'],['http://en.wikipedia.org/wiki/Isomalt']
Consumption of foods/drinks containing [name of sugar replacer] instead of sugar* induces a lower blood glucose rise after their consumption compared to sugar-containing foods/drinks,erythritol,['http://dbpedia.org/resource/Erythritol'],['http://en.wikipedia.org/wiki/Erythritol']
Consumption of foods/drinks containing [name of sugar replacer] instead of sugar* induces a lower blood glucose rise after their consumption compared to sugar-containing foods/drinks,sucralose,['http://dbpedia.org/resource/Sucralose'],['http://en.wikipedia.org/wiki/Sucralose']
Consumption of foods/drinks containing [name of sugar replacer] instead of sugar* induces a lower blood glucose rise after their consumption compared to sugar-containing foods/drinks,polydextrose; D-tatatose,['http://dbpedia.org/resource/Polydextrose'],['http://en.wikipedia.org/wiki/Polydextrose']
Consumption of foods/drinks containing [name of sugar replacer] instead of sugar* induces a lower blood glucose rise after their consumption compared to sugar-containing foods/drinks,isomaltulose,['http://dbpedia.org/resource/Isomaltulose'],['http://en.wikipedia.org/wiki/Isomaltulose']
Consumption of pectins with a meal contributes to the reduction of the blood glucose rise after that meal,Pectins,['http://dbpedia.org/resource/Pectin'],['http://en.wikipedia.org/wiki/Pectin']
Copper contributes to maintenance of normal connective tissues,Copper,['http://dbpedia.org/resource/Copper'],['http://en.wikipedia.org/wiki/Copper']
Copper contributes to normal energy-yielding metabolism,Copper,['http://dbpedia.org/resource/Copper'],['http://en.wikipedia.org/wiki/Copper']
Copper contributes to normal functioning of the nervous system,Copper,['http://dbpedia.org/resource/Copper'],['http://en.wikipedia.org/wiki/Copper']
Copper contributes to normal hair pigmentation,Copper,['http://dbpedia.org/resource/Copper'],['http://en.wikipedia.org/wiki/Copper']
Copper contributes to normal iron transport in the body,Copper,['http://dbpedia.org/resource/Copper'],['http://en.wikipedia.org/wiki/Copper']
Copper contributes to normal skin pigmentation,Copper,['http://dbpedia.org/resource/Copper'],['http://en.wikipedia.org/wiki/Copper']
Copper contributes to the normal function of the immune system,Copper,['http://dbpedia.org/resource/Copper'],['http://en.wikipedia.org/wiki/Copper']
Copper contributes to the protection of cells from oxidative stress,Copper,['http://dbpedia.org/resource/Copper'],['http://en.wikipedia.org/wiki/Copper']
"Creatine increases the physical performance in successive bursts of short-term, high intensity exercise ",Creatine,['http://dbpedia.org/resource/Creatine'],['http://en.wikipedia.org/wiki/Creatine']
DHA and EPA contribute to the maintenance of normal blood pressure,Docosahexaenoic acid,"['http://dbpedia.org/resource/Docosahexaenoic_acid', 'http://dbpedia.org/resource/Acid']","['http://en.wikipedia.org/wiki/Docosahexaenoic_acid', 'http://en.wikipedia.org/wiki/Acid']"
DHA and EPA contribute to the maintenance of normal blood pressure,Eicosapentaenoic acid (DHA/EPA),"['http://dbpedia.org/resource/Eicosapentaenoic_acid', 'http://dbpedia.org/resource/Acid', 'http://dbpedia.org/resource/Docosahexaenoic_acid']","['http://en.wikipedia.org/wiki/Eicosapentaenoic_acid', 'http://en.wikipedia.org/wiki/Acid', 'http://en.wikipedia.org/wiki/Docosahexaenoic_acid']"
DHA and EPA contribute to the maintenance of normal blood triglyceride levels ,Docosahexaenoic acid,"['http://dbpedia.org/resource/Docosahexaenoic_acid', 'http://dbpedia.org/resource/Acid']","['http://en.wikipedia.org/wiki/Docosahexaenoic_acid', 'http://en.wikipedia.org/wiki/Acid']"
DHA and EPA contribute to the maintenance of normal blood triglyceride levels ,Eicosapentaenoic acid (DHA/EPA),"['http://dbpedia.org/resource/Eicosapentaenoic_acid', 'http://dbpedia.org/resource/Acid', 'http://dbpedia.org/resource/Docosahexaenoic_acid']","['http://en.wikipedia.org/wiki/Eicosapentaenoic_acid', 'http://en.wikipedia.org/wiki/Acid', 'http://en.wikipedia.org/wiki/Docosahexaenoic_acid']"
DHA contributes to maintenance of normal brain function,Docosahexaenoic acid (DHA),"['http://dbpedia.org/resource/Docosahexaenoic_acid', 'http://dbpedia.org/resource/Acid']","['http://en.wikipedia.org/wiki/Docosahexaenoic_acid', 'http://en.wikipedia.org/wiki/Acid']"
DHA contributes to the maintenance of normal blood triglyceride levels,Docosahexaenoic acid (DHA),"['http://dbpedia.org/resource/Docosahexaenoic_acid', 'http://dbpedia.org/resource/Acid']","['http://en.wikipedia.org/wiki/Docosahexaenoic_acid', 'http://en.wikipedia.org/wiki/Acid']"
DHA contributes to the maintenance of normal vision,Docosahexaenoic acid (DHA),"['http://dbpedia.org/resource/Docosahexaenoic_acid', 'http://dbpedia.org/resource/Acid']","['http://en.wikipedia.org/wiki/Docosahexaenoic_acid', 'http://en.wikipedia.org/wiki/Acid']"
Dried plums/prunes contribute to normal bowel function,Dried plums of 'prune' cultivars (Prunus domestica),"['', 'http://dbpedia.org/resource/Prunus_domestica', 'http://dbpedia.org/resource/Prune', 'http://dbpedia.org/resource/Cultivar', 'http://dbpedia.org/resource/Prunus', 'http://dbpedia.org/resource/Prunus_domestica']","['http://en.wikipedia.org/wiki/Food_drying', 'http://en.wikipedia.org/wiki/Plum', 'http://en.wikipedia.org/wiki/Prune', 'http://en.wikipedia.org/wiki/Cultivar', 'http://en.wikipedia.org/wiki/Prunus', 'http://en.wikipedia.org/wiki/Prunus_domestica']"
EPA and DHA contribute to the normal function of the heart,Eicosapentaenoic acid,"['http://dbpedia.org/resource/Eicosapentaenoic_acid', 'http://dbpedia.org/resource/Acid']","['http://en.wikipedia.org/wiki/Eicosapentaenoic_acid', 'http://en.wikipedia.org/wiki/Acid']"
EPA and DHA contribute to the normal function of the heart,docosahexaenoic acid (EPA/DHA),"['http://dbpedia.org/resource/Docosahexaenoic_acid', 'http://dbpedia.org/resource/Acid', 'http://dbpedia.org/resource/United_States_Environmental_Protection_Agency']","['http://en.wikipedia.org/wiki/Docosahexaenoic_acid', 'http://en.wikipedia.org/wiki/Acid', 'http://en.wikipedia.org/wiki/United_States_Environmental_Protection_Agency']"
Fluoride contributes to the maintenance of tooth mineralisation,Fluoride,['http://dbpedia.org/resource/Fluoride'],['http://en.wikipedia.org/wiki/Fluoride']
Folate contributes to maternal tissue growth during pregnancy,Folate,[''],['http://en.wikipedia.org/wiki/Folate']
Folate contributes to normal amino acid synthesis,Folate,[''],['http://en.wikipedia.org/wiki/Folate']
Folate contributes to normal blood formation,Folate,[''],['http://en.wikipedia.org/wiki/Folate']
Folate contributes to normal homocysteine metabolism,Folate,[''],['http://en.wikipedia.org/wiki/Folate']
Folate contributes to normal psychological function,Folate,[''],['http://en.wikipedia.org/wiki/Folate']
Folate contributes to the normal function of the immune system,Folate,[''],['http://en.wikipedia.org/wiki/Folate']
Folate contributes to the reduction of tiredness and fatigue,Folate,[''],['http://en.wikipedia.org/wiki/Folate']
Folate has a role in the process of cell division,Folate,[''],['http://en.wikipedia.org/wiki/Folate']
Glucomannan contributes to the maintenance of normal blood cholesterol levels,Glucomannan (konjac mannan),"['http://dbpedia.org/resource/Glucomannan', 'http://dbpedia.org/resource/Konjac', '']","['http://en.wikipedia.org/wiki/Glucomannan', 'http://en.wikipedia.org/wiki/Konjac', 'http://en.wikipedia.org/wiki/Mannans']"
Glucomannan in the context of an energy restricted diet contributes to weight loss,Glucomannan (konjac mannan),"['http://dbpedia.org/resource/Glucomannan', 'http://dbpedia.org/resource/Konjac', '']","['http://en.wikipedia.org/wiki/Glucomannan', 'http://en.wikipedia.org/wiki/Konjac', 'http://en.wikipedia.org/wiki/Mannans']"
Guar gum contributes to the maintenance of normal blood cholesterol levels,Guar gum,"['http://dbpedia.org/resource/Guar', 'http://dbpedia.org/resource/Guar_gum', 'http://dbpedia.org/resource/Gum_(botany)']","['http://en.wikipedia.org/wiki/Guar', 'http://en.wikipedia.org/wiki/Guar_gum', 'http://en.wikipedia.org/wiki/Gum_(botany)']"
Hydroxypropyl methylcellulose contributes to the maintenance of normal blood cholesterol levels,Hydroxypropyl methylcellulose (HPMC),"['http://dbpedia.org/resource/Hypromellose', 'http://dbpedia.org/resource/Methyl_cellulose']","['http://en.wikipedia.org/wiki/Hypromellose', 'http://en.wikipedia.org/wiki/Methyl_cellulose']"
Iodine contributes to normal cognitive function,Iodine,['http://dbpedia.org/resource/Iodine'],['http://en.wikipedia.org/wiki/Iodine']
Iodine contributes to normal energy-yielding metabolism,Iodine,['http://dbpedia.org/resource/Iodine'],['http://en.wikipedia.org/wiki/Iodine']
Iodine contributes to normal functioning of the nervous system,Iodine,['http://dbpedia.org/resource/Iodine'],['http://en.wikipedia.org/wiki/Iodine']
Iodine contributes to the maintenance of normal skin,Iodine,['http://dbpedia.org/resource/Iodine'],['http://en.wikipedia.org/wiki/Iodine']
Iodine contributes to the normal production of thyroid hormones and normal thyroid function,Iodine,['http://dbpedia.org/resource/Iodine'],['http://en.wikipedia.org/wiki/Iodine']
Iron contributes to normal cognitive function,Iron,['http://dbpedia.org/resource/Iron'],['http://en.wikipedia.org/wiki/Iron']
Iron contributes to normal energy-yielding metabolism,Iron,['http://dbpedia.org/resource/Iron'],['http://en.wikipedia.org/wiki/Iron']
Iron contributes to normal formation of red blood cells and haemoglobin,Iron,['http://dbpedia.org/resource/Iron'],['http://en.wikipedia.org/wiki/Iron']
Iron contributes to normal oxygen transport in the body,Iron,['http://dbpedia.org/resource/Iron'],['http://en.wikipedia.org/wiki/Iron']
Iron contributes to the normal function of the immune system,Iron,['http://dbpedia.org/resource/Iron'],['http://en.wikipedia.org/wiki/Iron']
Iron contributes to the reduction of tiredness and fatigue,Iron,['http://dbpedia.org/resource/Iron'],['http://en.wikipedia.org/wiki/Iron']
Iron has a role in the process of cell division,Iron,['http://dbpedia.org/resource/Iron'],['http://en.wikipedia.org/wiki/Iron']
Lactase enzyme improves lactose digestion in individuals who have difficulty digesting lactose,Lactase enzyme,"['http://dbpedia.org/resource/Lactase', 'http://dbpedia.org/resource/Enzyme']","['http://en.wikipedia.org/wiki/Lactase', 'http://en.wikipedia.org/wiki/Enzyme']"
Lactulose contributes to an acceleration of intestinal transit,Lactulose,['http://dbpedia.org/resource/Lactulose'],['http://en.wikipedia.org/wiki/Lactulose']
Linoleic acid contributes to the maintenance of normal blood cholesterol levels,Linoleic acid,"['http://dbpedia.org/resource/Linoleic_acid', 'http://dbpedia.org/resource/Acid']","['http://en.wikipedia.org/wiki/Linoleic_acid', 'http://en.wikipedia.org/wiki/Acid']"
Live cultures in yoghurt or fermented milk improve lactose digestion of the product in individuals who have difficulty digesting lactose ,Live yoghurt cultures,"['http://dbpedia.org/resource/Concert', 'http://dbpedia.org/resource/Yogurt', 'http://dbpedia.org/resource/Culture']","['http://en.wikipedia.org/wiki/Concert', 'http://en.wikipedia.org/wiki/Yogurt', 'http://en.wikipedia.org/wiki/Culture']"
Magnesium contributes to a reduction of tiredness and fatigue,Magnesium,['http://dbpedia.org/resource/Magnesium'],['http://en.wikipedia.org/wiki/Magnesium']
Magnesium contributes to electrolyte balance,Magnesium,['http://dbpedia.org/resource/Magnesium'],['http://en.wikipedia.org/wiki/Magnesium']
Magnesium contributes to normal energy-yielding metabolism,Magnesium,['http://dbpedia.org/resource/Magnesium'],['http://en.wikipedia.org/wiki/Magnesium']
Magnesium contributes to normal functioning of the nervous system,Magnesium,['http://dbpedia.org/resource/Magnesium'],['http://en.wikipedia.org/wiki/Magnesium']
Magnesium contributes to normal muscle function,Magnesium,['http://dbpedia.org/resource/Magnesium'],['http://en.wikipedia.org/wiki/Magnesium']
Magnesium contributes to normal protein synthesis,Magnesium,['http://dbpedia.org/resource/Magnesium'],['http://en.wikipedia.org/wiki/Magnesium']
Magnesium contributes to normal psychological function,Magnesium,['http://dbpedia.org/resource/Magnesium'],['http://en.wikipedia.org/wiki/Magnesium']
Magnesium contributes to the maintenance of normal bones,Magnesium,['http://dbpedia.org/resource/Magnesium'],['http://en.wikipedia.org/wiki/Magnesium']
Magnesium contributes to the maintenance of normal teeth,Magnesium,['http://dbpedia.org/resource/Magnesium'],['http://en.wikipedia.org/wiki/Magnesium']
Magnesium has a role in the process of cell division,Magnesium,['http://dbpedia.org/resource/Magnesium'],['http://en.wikipedia.org/wiki/Magnesium']
Manganese contributes to normal energy-yielding metabolism,Manganese,['http://dbpedia.org/resource/Manganese'],['http://en.wikipedia.org/wiki/Manganese']
Manganese contributes to the maintenance of normal bones,Manganese,['http://dbpedia.org/resource/Manganese'],['http://en.wikipedia.org/wiki/Manganese']
Manganese contributes to the normal formation of connective tissues,Manganese,['http://dbpedia.org/resource/Manganese'],['http://en.wikipedia.org/wiki/Manganese']
Manganese contributes to the protection of cells from oxidative stress,Manganese,['http://dbpedia.org/resource/Manganese'],['http://en.wikipedia.org/wiki/Manganese']
Meat or fish contributes to the improvement of iron absorption when eaten with other foods containing iron,Meat,['http://dbpedia.org/resource/Meat'],['http://en.wikipedia.org/wiki/Meat']
Meat or fish contributes to the improvement of iron absorption when eaten with other foods containing iron,fish,['http://dbpedia.org/resource/Fish'],['http://en.wikipedia.org/wiki/Fish']
Melatonin contributes to the allevation of subjective feelings of jet lag,Melatonin,['http://dbpedia.org/resource/Melatonin'],['http://en.wikipedia.org/wiki/Melatonin']
Melatonin contributes to the reduction of time taken to fall asleep,Melatonin,['http://dbpedia.org/resource/Melatonin'],['http://en.wikipedia.org/wiki/Melatonin']
Molybdenum contributes to normal sulphur amino acid metabolism,Molybdenum,['http://dbpedia.org/resource/Molybdenum'],['http://en.wikipedia.org/wiki/Molybdenum']
Monacolin K from red yeast rice contributes to the maintenance of normal blood cholesterol levels,Monascus purpureous (red yeast rice),"['http://dbpedia.org/resource/Monascus', 'http://dbpedia.org/resource/Red_rice', 'http://dbpedia.org/resource/Red_yeast_rice', 'http://dbpedia.org/resource/Yeast', 'http://dbpedia.org/resource/Rice']","['http://en.wikipedia.org/wiki/Monascus', 'http://en.wikipedia.org/wiki/Red_rice', 'http://en.wikipedia.org/wiki/Red_yeast_rice', 'http://en.wikipedia.org/wiki/Yeast', 'http://en.wikipedia.org/wiki/Rice']"
Niacin contributes to normal energy-yielding metabolism,Niacin,['http://dbpedia.org/resource/Niacin'],['http://en.wikipedia.org/wiki/Niacin']
Niacin contributes to normal functioning of the nervous system,Niacin,['http://dbpedia.org/resource/Niacin'],['http://en.wikipedia.org/wiki/Niacin']
Niacin contributes to normal psychological function,Niacin,['http://dbpedia.org/resource/Niacin'],['http://en.wikipedia.org/wiki/Niacin']
Niacin contributes to the maintenance of normal mucous membranes,Niacin,['http://dbpedia.org/resource/Niacin'],['http://en.wikipedia.org/wiki/Niacin']
Niacin contributes to the maintenance of normal skin ,Niacin,['http://dbpedia.org/resource/Niacin'],['http://en.wikipedia.org/wiki/Niacin']
Niacin contributes to the reduction of tiredness and fatigue,Niacin,['http://dbpedia.org/resource/Niacin'],['http://en.wikipedia.org/wiki/Niacin']
Oat grain fibre contributes to an increase in faecal bulk,Oat grain fibre,"['http://dbpedia.org/resource/Oat', '', 'http://dbpedia.org/resource/Fiber']","['http://en.wikipedia.org/wiki/Oat', 'http://en.wikipedia.org/wiki/Grain', 'http://en.wikipedia.org/wiki/Fiber']"
Olive oil polyphenols contribute to the protection of blood lipids from oxidative stress,Olive oil polyphenols,"['http://dbpedia.org/resource/Olive', 'http://dbpedia.org/resource/Olive_oil', 'http://dbpedia.org/resource/Polyphenol']","['http://en.wikipedia.org/wiki/Olive', 'http://en.wikipedia.org/wiki/Olive_oil', 'http://en.wikipedia.org/wiki/Polyphenol']"
Pantothenic acid contributes to normal energy-yielding metabolism,Pantothenic acid,"['http://dbpedia.org/resource/Pantothenic_acid', 'http://dbpedia.org/resource/Acid']","['http://en.wikipedia.org/wiki/Pantothenic_acid', 'http://en.wikipedia.org/wiki/Acid']"
Pantothenic acid contributes to normal mental performance,Pantothenic acid,"['http://dbpedia.org/resource/Pantothenic_acid', 'http://dbpedia.org/resource/Acid']","['http://en.wikipedia.org/wiki/Pantothenic_acid', 'http://en.wikipedia.org/wiki/Acid']"
"Pantothenic acid contributes to normal synthesis and metabolism of steroid hormones, vitamin D and some neurotransmitters",Pantothenic acid,"['http://dbpedia.org/resource/Pantothenic_acid', 'http://dbpedia.org/resource/Acid']","['http://en.wikipedia.org/wiki/Pantothenic_acid', 'http://en.wikipedia.org/wiki/Acid']"
Pantothenic acid contributes to the reduction of tiredness and fatigue,Pantothenic acid,"['http://dbpedia.org/resource/Pantothenic_acid', 'http://dbpedia.org/resource/Acid']","['http://en.wikipedia.org/wiki/Pantothenic_acid', 'http://en.wikipedia.org/wiki/Acid']"
Pectins contribute to the maintenance of normal blood cholesterol levels,Pectins,['http://dbpedia.org/resource/Pectin'],['http://en.wikipedia.org/wiki/Pectin']
Phosphorus contributes to normal energy-yielding metabolism,Phosphorus,[''],['http://en.wikipedia.org/wiki/Phosphorus_(beetle)']
Phosphorus contributes to normal function of cell membranes,Phosphorus,[''],['http://en.wikipedia.org/wiki/Phosphorus_(beetle)']
Phosphorus contributes to the maintenance of normal bones,Phosphorus,[''],['http://en.wikipedia.org/wiki/Phosphorus_(beetle)']
Phosphorus contributes to the maintenance of normal teeth,Phosphorus,[''],['http://en.wikipedia.org/wiki/Phosphorus_(beetle)']
Plant sterols/stanols contribute to the maintenance of normal blood cholesterol levels,Plant sterols,"['http://dbpedia.org/resource/Plant', 'http://dbpedia.org/resource/Sterol']","['http://en.wikipedia.org/wiki/Plant', 'http://en.wikipedia.org/wiki/Sterol']"
Plant sterols/stanols contribute to the maintenance of normal blood cholesterol levels,plant stanols,"['http://dbpedia.org/resource/Plant', 'http://dbpedia.org/resource/Stanol_ester']","['http://en.wikipedia.org/wiki/Plant', 'http://en.wikipedia.org/wiki/Stanol_ester']"
Potassium contributes to normal functioning of the nervous system,Potassium,['http://dbpedia.org/resource/Potassium'],['http://en.wikipedia.org/wiki/Potassium']
Potassium contributes to normal muscle function,Potassium,['http://dbpedia.org/resource/Potassium'],['http://en.wikipedia.org/wiki/Potassium']
Potassium contributes to the maintenance of normal blood pressure,Potassium,['http://dbpedia.org/resource/Potassium'],['http://en.wikipedia.org/wiki/Potassium']
Protein contributes to a growth in muscle mass,Protein,['http://dbpedia.org/resource/Protein_(nutrient)'],['http://en.wikipedia.org/wiki/Protein_(nutrient)']
Protein contributes to the maintenance of muscle mass,Protein,['http://dbpedia.org/resource/Protein_(nutrient)'],['http://en.wikipedia.org/wiki/Protein_(nutrient)']
Protein contributes to the maintenance of normal bones,Protein,['http://dbpedia.org/resource/Protein_(nutrient)'],['http://en.wikipedia.org/wiki/Protein_(nutrient)']
Reducing consumption of saturated fat contributes to the maintenance of normal blood cholesterol levels,Foods with a low,"['http://dbpedia.org/resource/Food', 'http://dbpedia.org/resource/Low_Earth_orbit']","['http://en.wikipedia.org/wiki/Food', 'http://en.wikipedia.org/wiki/Low_Earth_orbit']"
Reducing consumption of saturated fat contributes to the maintenance of normal blood cholesterol levels,reduced content of saturated fatty acids,"['http://dbpedia.org/resource/Redox', 'http://dbpedia.org/resource/User-generated_content', 'http://dbpedia.org/resource/Saturated_fat', 'http://dbpedia.org/resource/Fatty_acid', 'http://dbpedia.org/resource/Acid']","['http://en.wikipedia.org/wiki/Redox', 'http://en.wikipedia.org/wiki/User-generated_content', 'http://en.wikipedia.org/wiki/Saturated_fat', 'http://en.wikipedia.org/wiki/Fatty_acid', 'http://en.wikipedia.org/wiki/Acid']"
Reducing consumption of sodium contributes to the maintenance of normal blood pressure,Foods with a low,"['http://dbpedia.org/resource/Food', 'http://dbpedia.org/resource/Low_Earth_orbit']","['http://en.wikipedia.org/wiki/Food', 'http://en.wikipedia.org/wiki/Low_Earth_orbit']"
Reducing consumption of sodium contributes to the maintenance of normal blood pressure,reduced content of sodium,"['http://dbpedia.org/resource/Redox', 'http://dbpedia.org/resource/User-generated_content', 'http://dbpedia.org/resource/Sodium']","['http://en.wikipedia.org/wiki/Redox', 'http://en.wikipedia.org/wiki/User-generated_content', 'http://en.wikipedia.org/wiki/Sodium']"
Replacing digestible starches with resistant starch in a meal contributes to a reduction in the blood glucose rise after that meal,Resistant starch,"['http://dbpedia.org/resource/French_Resistance', 'http://dbpedia.org/resource/Resistant_starch', 'http://dbpedia.org/resource/Starch']","['http://en.wikipedia.org/wiki/French_Resistance', 'http://en.wikipedia.org/wiki/Resistant_starch', 'http://en.wikipedia.org/wiki/Starch']"
Replacing saturated fats in the diet with unsaturated fats contributes to the maintenance of normal blood cholesterol levels. Oleic acid is an unsaturated fat. ,Oleic acid,"['http://dbpedia.org/resource/Oleic_acid', 'http://dbpedia.org/resource/Acid']","['http://en.wikipedia.org/wiki/Oleic_acid', 'http://en.wikipedia.org/wiki/Acid']"
Replacing saturated fats with unsaturated fats in the diet contributes to the maintenance of normal blood cholesterol levels [MUFA and PUFA are unsaturated fats],Monounsaturated and/or polyunsaturated fatty acids,"['http://dbpedia.org/resource/Fat', 'http://dbpedia.org/resource/Fatty_acid', 'http://dbpedia.org/resource/Carboxylic_acid']","['http://en.wikipedia.org/wiki/Fat', 'http://en.wikipedia.org/wiki/Fatty_acid', 'http://en.wikipedia.org/wiki/Carboxylic_acid']"
Riboflavin contributes to normal energy-yielding metabolism,Riboflavin (Vitamin B2),"['http://dbpedia.org/resource/Riboflavin', '']","['http://en.wikipedia.org/wiki/Riboflavin', 'http://en.wikipedia.org/wiki/Vitamin_(TV_series)']"
Riboflavin contributes to normal functioning of the nervous system,Riboflavin (Vitamin B2),"['http://dbpedia.org/resource/Riboflavin', '']","['http://en.wikipedia.org/wiki/Riboflavin', 'http://en.wikipedia.org/wiki/Vitamin_(TV_series)']"
Riboflavin contributes to the maintenance of normal mucous membranes,Riboflavin (Vitamin B2),"['http://dbpedia.org/resource/Riboflavin', '']","['http://en.wikipedia.org/wiki/Riboflavin', 'http://en.wikipedia.org/wiki/Vitamin_(TV_series)']"
Riboflavin contributes to the maintenance of normal red blood cells,Riboflavin (Vitamin B2),"['http://dbpedia.org/resource/Riboflavin', '']","['http://en.wikipedia.org/wiki/Riboflavin', 'http://en.wikipedia.org/wiki/Vitamin_(TV_series)']"
Riboflavin contributes to the maintenance of normal skin,Riboflavin (Vitamin B2),"['http://dbpedia.org/resource/Riboflavin', '']","['http://en.wikipedia.org/wiki/Riboflavin', 'http://en.wikipedia.org/wiki/Vitamin_(TV_series)']"
Riboflavin contrributes to the maintenance of normal vision,Riboflavin (Vitamin B2),"['http://dbpedia.org/resource/Riboflavin', '']","['http://en.wikipedia.org/wiki/Riboflavin', 'http://en.wikipedia.org/wiki/Vitamin_(TV_series)']"
Riboflavin contributes to the normal metabolism of iron,Riboflavin (Vitamin B2),"['http://dbpedia.org/resource/Riboflavin', '']","['http://en.wikipedia.org/wiki/Riboflavin', 'http://en.wikipedia.org/wiki/Vitamin_(TV_series)']"
Riboflavin contributes to the protection of cells from oxidative stress,Riboflavin (Vitamin B2),"['http://dbpedia.org/resource/Riboflavin', '']","['http://en.wikipedia.org/wiki/Riboflavin', 'http://en.wikipedia.org/wiki/Vitamin_(TV_series)']"
Riboflavin contributes to the reduction of tiredness and fatigue,Riboflavin (Vitamin B2),"['http://dbpedia.org/resource/Riboflavin', '']","['http://en.wikipedia.org/wiki/Riboflavin', 'http://en.wikipedia.org/wiki/Vitamin_(TV_series)']"
Rye fibre contributes to normal bowel function,Rye fibre,"['http://dbpedia.org/resource/Rye,_East_Sussex', 'http://dbpedia.org/resource/Fiber']","['http://en.wikipedia.org/wiki/Rye,_East_Sussex', 'http://en.wikipedia.org/wiki/Fiber']"
Selenium contributes to normal spermatogenesis,Selenium,['http://dbpedia.org/resource/Selenium'],['http://en.wikipedia.org/wiki/Selenium']
Selenium contributes to the maintenance of normal hair,Selenium,['http://dbpedia.org/resource/Selenium'],['http://en.wikipedia.org/wiki/Selenium']
Selenium contributes to the maintenance of normal nails,Selenium,['http://dbpedia.org/resource/Selenium'],['http://en.wikipedia.org/wiki/Selenium']
Selenium contributes to the normal function of the immune system,Selenium,['http://dbpedia.org/resource/Selenium'],['http://en.wikipedia.org/wiki/Selenium']
Selenium contributes to the normal thyroid function,Selenium,['http://dbpedia.org/resource/Selenium'],['http://en.wikipedia.org/wiki/Selenium']
Selenium contributes to the protection of cells from oxidative stress,Selenium,['http://dbpedia.org/resource/Selenium'],['http://en.wikipedia.org/wiki/Selenium']
Substituting one daily meal of an energy restricted diet with a meal replacement contributes to the maintenance of weight after weight loss ,Meal replacement for weight control,"['http://dbpedia.org/resource/Meal', 'http://dbpedia.org/resource/Meal_replacement', '', 'http://dbpedia.org/resource/Overweight', 'http://dbpedia.org/resource/Obesity', 'http://dbpedia.org/resource/Pest_control']","['http://en.wikipedia.org/wiki/Meal', 'http://en.wikipedia.org/wiki/Meal_replacement', 'http://en.wikipedia.org/wiki/Ersatz_good', 'http://en.wikipedia.org/wiki/Overweight', 'http://en.wikipedia.org/wiki/Obesity', 'http://en.wikipedia.org/wiki/Pest_control']"
Substituting two daily meals of an energy restricted diet with meal replacements contributes to weight loss ,Meal replacement for weight control,"['http://dbpedia.org/resource/Meal', 'http://dbpedia.org/resource/Meal_replacement', '', 'http://dbpedia.org/resource/Overweight', 'http://dbpedia.org/resource/Obesity', 'http://dbpedia.org/resource/Pest_control']","['http://en.wikipedia.org/wiki/Meal', 'http://en.wikipedia.org/wiki/Meal_replacement', 'http://en.wikipedia.org/wiki/Ersatz_good', 'http://en.wikipedia.org/wiki/Overweight', 'http://en.wikipedia.org/wiki/Obesity', 'http://en.wikipedia.org/wiki/Pest_control']"
Sugar-free chewing gum contributes to the maintenance of tooth mineralization,Sugar-free chewing gum,"['http://dbpedia.org/resource/Sugar_substitute', 'http://dbpedia.org/resource/Chewing_tobacco', 'http://dbpedia.org/resource/Chewing_gum']","['http://en.wikipedia.org/wiki/Sugar_substitute', 'http://en.wikipedia.org/wiki/Chewing_tobacco', 'http://en.wikipedia.org/wiki/Chewing_gum']"
Sugar-free chewing gum contributes to the neutralisation of plaque acids,Sugar-free chewing gum,"['http://dbpedia.org/resource/Sugar_substitute', 'http://dbpedia.org/resource/Chewing_tobacco', 'http://dbpedia.org/resource/Chewing_gum']","['http://en.wikipedia.org/wiki/Sugar_substitute', 'http://en.wikipedia.org/wiki/Chewing_tobacco', 'http://en.wikipedia.org/wiki/Chewing_gum']"
Sugar-free chewing gum contributes to the reduction of oral dryness,Sugar-free chewing gum,"['http://dbpedia.org/resource/Sugar_substitute', 'http://dbpedia.org/resource/Chewing_tobacco', 'http://dbpedia.org/resource/Chewing_gum']","['http://en.wikipedia.org/wiki/Sugar_substitute', 'http://en.wikipedia.org/wiki/Chewing_tobacco', 'http://en.wikipedia.org/wiki/Chewing_gum']"
Sugar-free chewing gum with carbamide neutralises plaque acids more effectively than sugar-free chewing gums without carbamide ,Sugar-free chewing gum with carbamide,"['http://dbpedia.org/resource/Sugar_substitute', 'http://dbpedia.org/resource/Chewing_tobacco', 'http://dbpedia.org/resource/Chewing_gum', 'http://dbpedia.org/resource/Urea']","['http://en.wikipedia.org/wiki/Sugar_substitute', 'http://en.wikipedia.org/wiki/Chewing_tobacco', 'http://en.wikipedia.org/wiki/Chewing_gum', 'http://en.wikipedia.org/wiki/Urea']"
Thiamine contributes to normal energy-yielding metabolism,Thiamine,['http://dbpedia.org/resource/Thiamine'],['http://en.wikipedia.org/wiki/Thiamine']
Thiamine contributes to normal functioning of the nervous system,Thiamine,['http://dbpedia.org/resource/Thiamine'],['http://en.wikipedia.org/wiki/Thiamine']
Thiamine contributes to normal psychological function,Thiamine,['http://dbpedia.org/resource/Thiamine'],['http://en.wikipedia.org/wiki/Thiamine']
Thiamine contributes to the normal function of the heart,Thiamine,['http://dbpedia.org/resource/Thiamine'],['http://en.wikipedia.org/wiki/Thiamine']
Vitamin A contributes to normal iron metabolism,Vitamin A,"['', 'http://dbpedia.org/resource/Retinol']","['http://en.wikipedia.org/wiki/Vitamin_(TV_series)', 'http://en.wikipedia.org/wiki/Vitamin_A']"
Vitamin A contributes to the maintenance of normal mucous membranes,Vitamin A,"['', 'http://dbpedia.org/resource/Retinol']","['http://en.wikipedia.org/wiki/Vitamin_(TV_series)', 'http://en.wikipedia.org/wiki/Vitamin_A']"
Vitamin A contributes to the maintenance of normal skin,Vitamin A,"['', 'http://dbpedia.org/resource/Retinol']","['http://en.wikipedia.org/wiki/Vitamin_(TV_series)', 'http://en.wikipedia.org/wiki/Vitamin_A']"
Vitamin A contributes to the maintenance of normal vision,Vitamin A,"['', 'http://dbpedia.org/resource/Retinol']","['http://en.wikipedia.org/wiki/Vitamin_(TV_series)', 'http://en.wikipedia.org/wiki/Vitamin_A']"
Vitamin A contributes to the normal function of the immune system,Vitamin A,"['', 'http://dbpedia.org/resource/Retinol']","['http://en.wikipedia.org/wiki/Vitamin_(TV_series)', 'http://en.wikipedia.org/wiki/Vitamin_A']"
Vitamin A has a role in the process of cell specialisation,Vitamin A,"['', 'http://dbpedia.org/resource/Retinol']","['http://en.wikipedia.org/wiki/Vitamin_(TV_series)', 'http://en.wikipedia.org/wiki/Vitamin_A']"
Vitamin B12 contributes to normal energy-yielding metabolism,Vitamin B12,"['http://dbpedia.org/resource/Vitamin', 'http://dbpedia.org/resource/Vitamin_B12']","['http://en.wikipedia.org/wiki/Vitamin', 'http://en.wikipedia.org/wiki/Vitamin_B12']"
Vitamin B12 contributes to normal functioning of the nervous system,Vitamin B12,"['http://dbpedia.org/resource/Vitamin', 'http://dbpedia.org/resource/Vitamin_B12']","['http://en.wikipedia.org/wiki/Vitamin', 'http://en.wikipedia.org/wiki/Vitamin_B12']"
Vitamin B12 contributes to normal homocysteine metabolism,Vitamin B12,"['http://dbpedia.org/resource/Vitamin', 'http://dbpedia.org/resource/Vitamin_B12']","['http://en.wikipedia.org/wiki/Vitamin', 'http://en.wikipedia.org/wiki/Vitamin_B12']"
Vitamin B12 contributes to normal psychological function,Vitamin B12,"['http://dbpedia.org/resource/Vitamin', 'http://dbpedia.org/resource/Vitamin_B12']","['http://en.wikipedia.org/wiki/Vitamin', 'http://en.wikipedia.org/wiki/Vitamin_B12']"
Vitamin B12 contributes to normal red blood cell formation,Vitamin B12,"['http://dbpedia.org/resource/Vitamin', 'http://dbpedia.org/resource/Vitamin_B12']","['http://en.wikipedia.org/wiki/Vitamin', 'http://en.wikipedia.org/wiki/Vitamin_B12']"
Vitamin B12 contributes to the normal function of the immune system,Vitamin B12,"['http://dbpedia.org/resource/Vitamin', 'http://dbpedia.org/resource/Vitamin_B12']","['http://en.wikipedia.org/wiki/Vitamin', 'http://en.wikipedia.org/wiki/Vitamin_B12']"
Vitamin B12 contributes to the reduction of tiredness and fatigue,Vitamin B12,"['http://dbpedia.org/resource/Vitamin', 'http://dbpedia.org/resource/Vitamin_B12']","['http://en.wikipedia.org/wiki/Vitamin', 'http://en.wikipedia.org/wiki/Vitamin_B12']"
Vitamin B12 has a role in the process of cell division,Vitamin B12,"['http://dbpedia.org/resource/Vitamin', 'http://dbpedia.org/resource/Vitamin_B12']","['http://en.wikipedia.org/wiki/Vitamin', 'http://en.wikipedia.org/wiki/Vitamin_B12']"
Vitamin B6 contributes to normal cysteine synthesis,Vitamin B6,"['', 'http://dbpedia.org/resource/Vitamin_B6']","['http://en.wikipedia.org/wiki/Vitamin_(TV_series)', 'http://en.wikipedia.org/wiki/Vitamin_B6']"
Vitamin B6 contributes to normal energy-yielding metabolism,Vitamin B6,"['', 'http://dbpedia.org/resource/Vitamin_B6']","['http://en.wikipedia.org/wiki/Vitamin_(TV_series)', 'http://en.wikipedia.org/wiki/Vitamin_B6']"
Vitamin B6 contributes to normal functioning of the nervous system,Vitamin B6,"['', 'http://dbpedia.org/resource/Vitamin_B6']","['http://en.wikipedia.org/wiki/Vitamin_(TV_series)', 'http://en.wikipedia.org/wiki/Vitamin_B6']"
Vitamin B6 contributes to normal homocysteine metabolism,Vitamin B6,"['', 'http://dbpedia.org/resource/Vitamin_B6']","['http://en.wikipedia.org/wiki/Vitamin_(TV_series)', 'http://en.wikipedia.org/wiki/Vitamin_B6']"
Vitamin B6 contributes to norrmal protein and glycogen metabolism,Vitamin B6,"['', 'http://dbpedia.org/resource/Vitamin_B6']","['http://en.wikipedia.org/wiki/Vitamin_(TV_series)', 'http://en.wikipedia.org/wiki/Vitamin_B6']"
Vitamin B6 contributes to normal psychological function,Vitamin B6,"['', 'http://dbpedia.org/resource/Vitamin_B6']","['http://en.wikipedia.org/wiki/Vitamin_(TV_series)', 'http://en.wikipedia.org/wiki/Vitamin_B6']"
Vitamin B6 contributes to normal red blood cell formation,Vitamin B6,"['', 'http://dbpedia.org/resource/Vitamin_B6']","['http://en.wikipedia.org/wiki/Vitamin_(TV_series)', 'http://en.wikipedia.org/wiki/Vitamin_B6']"
Vitamin B6 contributes to the normal function of the immune system,Vitamin B6,"['', 'http://dbpedia.org/resource/Vitamin_B6']","['http://en.wikipedia.org/wiki/Vitamin_(TV_series)', 'http://en.wikipedia.org/wiki/Vitamin_B6']"
Vitamin B6 contributes to the reduction of tiredness and fatigue,Vitamin B6,"['', 'http://dbpedia.org/resource/Vitamin_B6']","['http://en.wikipedia.org/wiki/Vitamin_(TV_series)', 'http://en.wikipedia.org/wiki/Vitamin_B6']"
Vitamin B6 contributes to the regulation of hormonal activity,Vitamin B6,"['', 'http://dbpedia.org/resource/Vitamin_B6']","['http://en.wikipedia.org/wiki/Vitamin_(TV_series)', 'http://en.wikipedia.org/wiki/Vitamin_B6']"
Vitamin C contributes to maintain the normal function of the immune system during and after intense physical exercise ,Vitamin C ,"['http://dbpedia.org/resource/Vitamin', 'http://dbpedia.org/resource/Vitamin_C']","['http://en.wikipedia.org/wiki/Vitamin', 'http://en.wikipedia.org/wiki/Vitamin_C']"
Vitamin C contributes to normal collagen formation for the normal function of blood vessels,Vitamin C ,"['http://dbpedia.org/resource/Vitamin', 'http://dbpedia.org/resource/Vitamin_C']","['http://en.wikipedia.org/wiki/Vitamin', 'http://en.wikipedia.org/wiki/Vitamin_C']"
Vitamin C contributes to normal collagen formation for the normal function of bones,Vitamin C ,"['http://dbpedia.org/resource/Vitamin', 'http://dbpedia.org/resource/Vitamin_C']","['http://en.wikipedia.org/wiki/Vitamin', 'http://en.wikipedia.org/wiki/Vitamin_C']"
Vitamin C contributes to normal collagen formation for the normal function of cartilage,Vitamin C ,"['http://dbpedia.org/resource/Vitamin', 'http://dbpedia.org/resource/Vitamin_C']","['http://en.wikipedia.org/wiki/Vitamin', 'http://en.wikipedia.org/wiki/Vitamin_C']"
Vitamin C contributes to normal collagen formation for the normal function of gums,Vitamin C ,"['http://dbpedia.org/resource/Vitamin', 'http://dbpedia.org/resource/Vitamin_C']","['http://en.wikipedia.org/wiki/Vitamin', 'http://en.wikipedia.org/wiki/Vitamin_C']"
Vitamin C contributes to normal collagen formation for the normal function of skin,Vitamin C ,"['http://dbpedia.org/resource/Vitamin', 'http://dbpedia.org/resource/Vitamin_C']","['http://en.wikipedia.org/wiki/Vitamin', 'http://en.wikipedia.org/wiki/Vitamin_C']"
Vitamin C contributes to normal collagen formation for the normal function of teeth,Vitamin C ,"['http://dbpedia.org/resource/Vitamin', 'http://dbpedia.org/resource/Vitamin_C']","['http://en.wikipedia.org/wiki/Vitamin', 'http://en.wikipedia.org/wiki/Vitamin_C']"
Vitamin C contributes to normal energy-yielding metabolism,Vitamin C ,"['http://dbpedia.org/resource/Vitamin', 'http://dbpedia.org/resource/Vitamin_C']","['http://en.wikipedia.org/wiki/Vitamin', 'http://en.wikipedia.org/wiki/Vitamin_C']"
Vitamin C contributes to normal functioning of the nervous system,Vitamin C ,"['http://dbpedia.org/resource/Vitamin', 'http://dbpedia.org/resource/Vitamin_C']","['http://en.wikipedia.org/wiki/Vitamin', 'http://en.wikipedia.org/wiki/Vitamin_C']"
Vitamin C contributes to normal psychological function,Vitamin C ,"['http://dbpedia.org/resource/Vitamin', 'http://dbpedia.org/resource/Vitamin_C']","['http://en.wikipedia.org/wiki/Vitamin', 'http://en.wikipedia.org/wiki/Vitamin_C']"
Vitamin C contributes to the normal function of the immune system,Vitamin C ,"['http://dbpedia.org/resource/Vitamin', 'http://dbpedia.org/resource/Vitamin_C']","['http://en.wikipedia.org/wiki/Vitamin', 'http://en.wikipedia.org/wiki/Vitamin_C']"
Vitamin C contributes to the protection of cells from oxidative stress,Vitamin C ,"['http://dbpedia.org/resource/Vitamin', 'http://dbpedia.org/resource/Vitamin_C']","['http://en.wikipedia.org/wiki/Vitamin', 'http://en.wikipedia.org/wiki/Vitamin_C']"
Vitamin C contributes to the reduction of tiredness and fatigue,Vitamin C ,"['http://dbpedia.org/resource/Vitamin', 'http://dbpedia.org/resource/Vitamin_C']","['http://en.wikipedia.org/wiki/Vitamin', 'http://en.wikipedia.org/wiki/Vitamin_C']"
Vitamin C contributes to the regeneration of the reduced form of vitamin E,Vitamin C ,"['http://dbpedia.org/resource/Vitamin', 'http://dbpedia.org/resource/Vitamin_C']","['http://en.wikipedia.org/wiki/Vitamin', 'http://en.wikipedia.org/wiki/Vitamin_C']"
Vitamin C increases iron absorption,Vitamin C ,"['http://dbpedia.org/resource/Vitamin', 'http://dbpedia.org/resource/Vitamin_C']","['http://en.wikipedia.org/wiki/Vitamin', 'http://en.wikipedia.org/wiki/Vitamin_C']"
Vitamin D contributes to normal absorption/utilisation of calcium and phosphorus,Vitamin D,"['http://dbpedia.org/resource/Vitamin', 'http://dbpedia.org/resource/Vitamin_D']","['http://en.wikipedia.org/wiki/Vitamin', 'http://en.wikipedia.org/wiki/Vitamin_D']"
Vitamin D contributes to normal blood calcium levels,Vitamin D,"['http://dbpedia.org/resource/Vitamin', 'http://dbpedia.org/resource/Vitamin_D']","['http://en.wikipedia.org/wiki/Vitamin', 'http://en.wikipedia.org/wiki/Vitamin_D']"
Vitamin D contributes to the maintenance of normal bones,Vitamin D,"['http://dbpedia.org/resource/Vitamin', 'http://dbpedia.org/resource/Vitamin_D']","['http://en.wikipedia.org/wiki/Vitamin', 'http://en.wikipedia.org/wiki/Vitamin_D']"
Vitamin D contributes to the maintenance of normal muscle function,Vitamin D,"['http://dbpedia.org/resource/Vitamin', 'http://dbpedia.org/resource/Vitamin_D']","['http://en.wikipedia.org/wiki/Vitamin', 'http://en.wikipedia.org/wiki/Vitamin_D']"
Vitamin D contributes to the maintenance of normal teeth,Vitamin D,"['http://dbpedia.org/resource/Vitamin', 'http://dbpedia.org/resource/Vitamin_D']","['http://en.wikipedia.org/wiki/Vitamin', 'http://en.wikipedia.org/wiki/Vitamin_D']"
Vitamin D contributes to the normal function of the immune system,Vitamin D,"['http://dbpedia.org/resource/Vitamin', 'http://dbpedia.org/resource/Vitamin_D']","['http://en.wikipedia.org/wiki/Vitamin', 'http://en.wikipedia.org/wiki/Vitamin_D']"
Vitamin D has a role in the process of cell division,Vitamin D,"['http://dbpedia.org/resource/Vitamin', 'http://dbpedia.org/resource/Vitamin_D']","['http://en.wikipedia.org/wiki/Vitamin', 'http://en.wikipedia.org/wiki/Vitamin_D']"
Vitamin E contributes to the protection of cells from oxidative stress,Vitamin E,"['http://dbpedia.org/resource/Vitamin', 'http://dbpedia.org/resource/Vitamin_E']","['http://en.wikipedia.org/wiki/Vitamin', 'http://en.wikipedia.org/wiki/Vitamin_E']"
Vitamin K contributes to normal blood clotting,Vitamin K,"['http://dbpedia.org/resource/Vitamin', 'http://dbpedia.org/resource/Vitamin_K']","['http://en.wikipedia.org/wiki/Vitamin', 'http://en.wikipedia.org/wiki/Vitamin_K']"
Vitamin K contributes to the maintenance of normal bones,Vitamin K,"['http://dbpedia.org/resource/Vitamin', 'http://dbpedia.org/resource/Vitamin_K']","['http://en.wikipedia.org/wiki/Vitamin', 'http://en.wikipedia.org/wiki/Vitamin_K']"
Walnuts contribute to the improvement of the elasticity of blood vessels,Walnuts,['http://dbpedia.org/resource/Walnut'],['http://en.wikipedia.org/wiki/Walnut']
Water contributes to the maintenance of normal physical and cognitive functions,Water,['http://dbpedia.org/resource/Water'],['http://en.wikipedia.org/wiki/Water']
Water contributes to the maintenance of normal regulation of the body's temperature,Water,['http://dbpedia.org/resource/Water'],['http://en.wikipedia.org/wiki/Water']
Wheat bran fibre contributes to an acceleration of intestinal transit,Wheat bran fibre,"['http://dbpedia.org/resource/Wheat', 'http://dbpedia.org/resource/Bran', 'http://dbpedia.org/resource/Dietary_fiber']","['http://en.wikipedia.org/wiki/Wheat', 'http://en.wikipedia.org/wiki/Bran', 'http://en.wikipedia.org/wiki/Dietary_fiber']"
Wheat bran fibre contributes to an increase in faecal bulk,Wheat bran fibre,"['http://dbpedia.org/resource/Wheat', 'http://dbpedia.org/resource/Bran', 'http://dbpedia.org/resource/Dietary_fiber']","['http://en.wikipedia.org/wiki/Wheat', 'http://en.wikipedia.org/wiki/Bran', 'http://en.wikipedia.org/wiki/Dietary_fiber']"
Zinc contributes to normal DNA synthesis,Zinc ,['http://dbpedia.org/resource/Zinc'],['http://en.wikipedia.org/wiki/Zinc']
Zinc contributes to normal acid-base metabolism,Zinc ,['http://dbpedia.org/resource/Zinc'],['http://en.wikipedia.org/wiki/Zinc']
Zinc contributes to normal carbohydrate metabolism,Zinc ,['http://dbpedia.org/resource/Zinc'],['http://en.wikipedia.org/wiki/Zinc']
Zinc contributes to normal cognitive function,Zinc ,['http://dbpedia.org/resource/Zinc'],['http://en.wikipedia.org/wiki/Zinc']
Zinc contributes to normal fertility and reproduction,Zinc ,['http://dbpedia.org/resource/Zinc'],['http://en.wikipedia.org/wiki/Zinc']
Zinc contributes to normal macronutrient metabolism,Zinc ,['http://dbpedia.org/resource/Zinc'],['http://en.wikipedia.org/wiki/Zinc']
Zinc contributes to normal metabolism of fatty acids,Zinc ,['http://dbpedia.org/resource/Zinc'],['http://en.wikipedia.org/wiki/Zinc']
Zinc contributes to normal metabolism of vitamin A,Zinc ,['http://dbpedia.org/resource/Zinc'],['http://en.wikipedia.org/wiki/Zinc']
Zinc contributes to normal protein synthesis,Zinc ,['http://dbpedia.org/resource/Zinc'],['http://en.wikipedia.org/wiki/Zinc']
Zinc contributes to the maintenance of normal bones,Zinc ,['http://dbpedia.org/resource/Zinc'],['http://en.wikipedia.org/wiki/Zinc']
Zinc contributes to the maintenance of normal hair,Zinc ,['http://dbpedia.org/resource/Zinc'],['http://en.wikipedia.org/wiki/Zinc']
Zinc contributes to the maintenance of normal nails,Zinc ,['http://dbpedia.org/resource/Zinc'],['http://en.wikipedia.org/wiki/Zinc']
Zinc contributes to the maintenance of normal skin,Zinc ,['http://dbpedia.org/resource/Zinc'],['http://en.wikipedia.org/wiki/Zinc']
Zinc contributes to the maintenance of normal testosterone levels in the blood,Zinc ,['http://dbpedia.org/resource/Zinc'],['http://en.wikipedia.org/wiki/Zinc']
Zinc contributes to the maintenance of normal vision,Zinc ,['http://dbpedia.org/resource/Zinc'],['http://en.wikipedia.org/wiki/Zinc']
Zinc contributes to the normal function of the immune system,Zinc ,['http://dbpedia.org/resource/Zinc'],['http://en.wikipedia.org/wiki/Zinc']
Zinc contributes to the protection of cells from oxidative stress,Zinc ,['http://dbpedia.org/resource/Zinc'],['http://en.wikipedia.org/wiki/Zinc']
Zinc has a role in the process of cell division,Zinc ,['http://dbpedia.org/resource/Zinc'],['http://en.wikipedia.org/wiki/Zinc']
Carbohydrates contribute to the recovery of normal muscle function (contraction) after highly intensive and/or long-lasting physical exercise leading to muscle fatigue and the depletion of glycogen stores in skeletal muscle,Carbohydrates,['http://dbpedia.org/resource/Carbohydrate'],['http://en.wikipedia.org/wiki/Carbohydrate']
Consumption of foods/drinks containing [name of all used non-digestible carbohydrates] instead of sugars induces a lower blood glucose rise after their consumption compared to sugar-containing foods/drinks,Non-digestible carbohydrates,['http://dbpedia.org/resource/Carbohydrate'],['http://en.wikipedia.org/wiki/Carbohydrate']
Consumption of foods/drinks containing [name of all used non-fermentable carbohydrates] instead of fermentable carbohydrates contributes to the maintenance of tooth mineralisation,"""Non-fermentable"" carbohydrates",['http://dbpedia.org/resource/Carbohydrate'],['http://en.wikipedia.org/wiki/Carbohydrate']
Daily creatine consumption can enhance the effect of resistance training on muscle strength in adults over the age of 55,Creatine,['http://dbpedia.org/resource/Creatine'],['http://en.wikipedia.org/wiki/Creatine']
Lactitol contributes to normal bowel function by increasing stool frequency,Lactitol,['http://dbpedia.org/resource/Lactitol'],['http://en.wikipedia.org/wiki/Lactitol']
Sugar beet fibre contributes to an increase in faecal bulk,Sugar beet fibre,"['http://dbpedia.org/resource/Sugar', 'http://dbpedia.org/resource/Sugar_beet', 'http://dbpedia.org/resource/Dietary_fiber']","['http://en.wikipedia.org/wiki/Sugar', 'http://en.wikipedia.org/wiki/Sugar_beet', 'http://en.wikipedia.org/wiki/Dietary_fiber']"
Calcium and vitamin D help to reduce the loss of bone mineral in post-menopausal women. Low bone mineral density is a risk factor for osteoporotic bone fractures,Calcium,['http://dbpedia.org/resource/Calcium'],['http://en.wikipedia.org/wiki/Calcium']
Calcium and vitamin D help to reduce the loss of bone mineral in post-menopausal women. Low bone mineral density is a risk factor for osteoporotic bone fractures,vitamin D,"['http://dbpedia.org/resource/Vitamin', 'http://dbpedia.org/resource/Vitamin_D']","['http://en.wikipedia.org/wiki/Vitamin', 'http://en.wikipedia.org/wiki/Vitamin_D']"
Calcium helps to reduce the loss of bone mineral in post-menopausal women. Low bone mineral density is a risk factor for osteopootic bone fractures,Calcium ,['http://dbpedia.org/resource/Calcium'],['http://en.wikipedia.org/wiki/Calcium']
Vitamin D helps to reduce the risk of falling associated with postural instability and muscle weakness. Falling is a risk factor for bone fractures among men and women 60 years of age and older,Vitamin D,"['http://dbpedia.org/resource/Vitamin', 'http://dbpedia.org/resource/Vitamin_D']","['http://en.wikipedia.org/wiki/Vitamin', 'http://en.wikipedia.org/wiki/Vitamin_D']"
Replacing saturated fats with unsaturated fats in the diet has been shown to lower/reduce blood cholesterol. High cholesterol is a risk factor in the development or coronary heart disease,Monounsaturated and/or polyunsaturated fatty acids,"['http://dbpedia.org/resource/Fat', 'http://dbpedia.org/resource/Fatty_acid', 'http://dbpedia.org/resource/Carboxylic_acid']","['http://en.wikipedia.org/wiki/Fat', 'http://en.wikipedia.org/wiki/Fatty_acid', 'http://en.wikipedia.org/wiki/Carboxylic_acid']"
Supplemental folic acid intake increases maternal folate status. Low maternal folate status is a risk factor in the development of neural tube defects in the developing foetus,Folic acid,"['', 'http://dbpedia.org/resource/Acid']","['http://en.wikipedia.org/wiki/Folate', 'http://en.wikipedia.org/wiki/Acid']"
Barley beta-glucans has been shown to lower/reduce blood cholesterol. High cholesterol is a risk factor in the development of coronary heart disease,Barley beta-glucans,"['http://dbpedia.org/resource/Barley', 'http://dbpedia.org/resource/Beta-glucan']","['http://en.wikipedia.org/wiki/Barley', 'http://en.wikipedia.org/wiki/Beta-glucan']"
Chewing gum sweetened with 100% xylitol has been shown to reduce dental plaque. High content/level of dental plaque is a risk factor in the development of caries in children,Chewing gum sweetened with 100% xylitol,"['', 'http://dbpedia.org/resource/Chewing_gum', 'http://dbpedia.org/resource/Sweetness', 'http://dbpedia.org/resource/Billboard_Hot_100', '', 'http://dbpedia.org/resource/Percentage', 'http://dbpedia.org/resource/Xylitol']","['http://en.wikipedia.org/wiki/Chewing', 'http://en.wikipedia.org/wiki/Chewing_gum', 'http://en.wikipedia.org/wiki/Sweetness', 'http://en.wikipedia.org/wiki/Billboard_Hot_100', 'http://en.wikipedia.org/wiki/100%25_(band)', 'http://en.wikipedia.org/wiki/Percentage', 'http://en.wikipedia.org/wiki/Xylitol']"
Oat beta-glucan has been shown to lower/reduce blood cholesterol. High cholesterol is a risk factor in the development of coronary heart disease,Oat beta-glucan,"['http://dbpedia.org/resource/Oat', '', 'http://dbpedia.org/resource/Beta-glucan']","['http://en.wikipedia.org/wiki/Oat', 'http://en.wikipedia.org/wiki/Oat_beta-glucan', 'http://en.wikipedia.org/wiki/Beta-glucan']"
Plant stanol esters have been shown to lower/reduce blood cholesterol. High cholesterol is a risk factor in the development of coronary heart disease.,Plant stanol esters,"['http://dbpedia.org/resource/Plant', 'http://dbpedia.org/resource/Stanol_ester', 'http://dbpedia.org/resource/Ester']","['http://en.wikipedia.org/wiki/Plant', 'http://en.wikipedia.org/wiki/Stanol_ester', 'http://en.wikipedia.org/wiki/Ester']"
Plant sterols and plant stanol esters have been shown to lower/reduce blood cholesterol. High cholesterol is a risk factor in the development of coronary heart disease. ,Plant sterols/Plant stanol esters,"['http://dbpedia.org/resource/Plant', 'http://dbpedia.org/resource/Sterol', 'http://dbpedia.org/resource/Stanol_ester', 'http://dbpedia.org/resource/Ester']","['http://en.wikipedia.org/wiki/Plant', 'http://en.wikipedia.org/wiki/Sterol', 'http://en.wikipedia.org/wiki/Stanol_ester', 'http://en.wikipedia.org/wiki/Ester']"
Plant sterols have been shown to lower/reduce blood cholesterol. High cholesterol is a risk factor in the development of coronary heart disease.,Plant sterols: sterols extracted from plants,"['http://dbpedia.org/resource/Plant', 'http://dbpedia.org/resource/Sterol', 'http://dbpedia.org/resource/Extraction_(chemistry)']","['http://en.wikipedia.org/wiki/Plant', 'http://en.wikipedia.org/wiki/Sterol', 'http://en.wikipedia.org/wiki/Extraction_(chemistry)']"
Plant sterols have been shown to lower/reduce blood cholesterol. High cholesterol is a risk factor in the development of coronary heart disease.,free,['http://dbpedia.org/resource/Free_software'],['http://en.wikipedia.org/wiki/Free_software']
Plant sterols have been shown to lower/reduce blood cholesterol. High cholesterol is a risk factor in the development of coronary heart disease.,esterified with food grade fatty acids,"['http://dbpedia.org/resource/Ester', 'http://dbpedia.org/resource/Food', 'http://dbpedia.org/resource/Ore', 'http://dbpedia.org/resource/Fatty_acid', 'http://dbpedia.org/resource/Acid']","['http://en.wikipedia.org/wiki/Ester', 'http://en.wikipedia.org/wiki/Food', 'http://en.wikipedia.org/wiki/Ore', 'http://en.wikipedia.org/wiki/Fatty_acid', 'http://en.wikipedia.org/wiki/Acid']"
Sugar-free chewing gum helps neutralise plaque acids. Plaque acids are a risk factor in the development of dental caries,Sugar-free chewing gum,"['http://dbpedia.org/resource/Sugar_substitute', 'http://dbpedia.org/resource/Chewing_tobacco', 'http://dbpedia.org/resource/Chewing_gum']","['http://en.wikipedia.org/wiki/Sugar_substitute', 'http://en.wikipedia.org/wiki/Chewing_tobacco', 'http://en.wikipedia.org/wiki/Chewing_gum']"
Sugar-free chewing gum helps reduce tooth demineralisation. Tooth demineralisation is a risk factor in the development of dental caries. ,Sugar-free chewing gum,"['http://dbpedia.org/resource/Sugar_substitute', 'http://dbpedia.org/resource/Chewing_tobacco', 'http://dbpedia.org/resource/Chewing_gum']","['http://en.wikipedia.org/wiki/Sugar_substitute', 'http://en.wikipedia.org/wiki/Chewing_tobacco', 'http://en.wikipedia.org/wiki/Chewing_gum']"
Calcium and vitamin D are needed for normal growth and development of bone in children,Calcium,['http://dbpedia.org/resource/Calcium'],['http://en.wikipedia.org/wiki/Calcium']
Calcium and vitamin D are needed for normal growth and development of bone in children,vitamin D,"['http://dbpedia.org/resource/Vitamin', 'http://dbpedia.org/resource/Vitamin_D']","['http://en.wikipedia.org/wiki/Vitamin', 'http://en.wikipedia.org/wiki/Vitamin_D']"
Calcium is needed for normal growth and development of bone in children,Calcium   ,['http://dbpedia.org/resource/Calcium'],['http://en.wikipedia.org/wiki/Calcium']
Docosahexaenoic acid (DHA) intake contributes to the normal visual development of infants up to 12 months of age,Docosahexaenoic acid (DHA),"['http://dbpedia.org/resource/Docosahexaenoic_acid', 'http://dbpedia.org/resource/Acid']","['http://en.wikipedia.org/wiki/Docosahexaenoic_acid', 'http://en.wikipedia.org/wiki/Acid']"
Docosahexaenoic acid (DHA) maternal intake contributes to the normal brain development of the foetus and breastfed infants,Docosahexaenoic acid (DHA),"['http://dbpedia.org/resource/Docosahexaenoic_acid', 'http://dbpedia.org/resource/Acid']","['http://en.wikipedia.org/wiki/Docosahexaenoic_acid', 'http://en.wikipedia.org/wiki/Acid']"
Docosahexaenoic acid (DHA) materrnal intake contributes to the normal development of the eye of the foetus and breastfed infants,Docosahexaenoic acid (DHA),"['http://dbpedia.org/resource/Docosahexaenoic_acid', 'http://dbpedia.org/resource/Acid']","['http://en.wikipedia.org/wiki/Docosahexaenoic_acid', 'http://en.wikipedia.org/wiki/Acid']"
Essential fatty acids are needed for normal growth and development of children,Alpha-linolenic acid (ALA),"['http://dbpedia.org/resource/Alpha-Linolenic_acid', 'http://dbpedia.org/resource/Acid']","['http://en.wikipedia.org/wiki/Alpha-Linolenic_acid', 'http://en.wikipedia.org/wiki/Acid']"
Essential fatty acids are needed for normal growth and development of children,linoleic acid (LA),"['http://dbpedia.org/resource/Linoleic_acid', 'http://dbpedia.org/resource/Acid', 'http://dbpedia.org/resource/Louisiana']","['http://en.wikipedia.org/wiki/Linoleic_acid', 'http://en.wikipedia.org/wiki/Acid', 'http://en.wikipedia.org/wiki/Louisiana']"
Essential fatty acids are needed for normal growth and development of children,essential fatty acids,"['http://dbpedia.org/resource/Essential_fatty_acid', 'http://dbpedia.org/resource/Fatty_acid', 'http://dbpedia.org/resource/Carboxylic_acid']","['http://en.wikipedia.org/wiki/Essential_fatty_acid', 'http://en.wikipedia.org/wiki/Fatty_acid', 'http://en.wikipedia.org/wiki/Carboxylic_acid']"
Iodine contributes to the normal grrowth of children,Iodine,['http://dbpedia.org/resource/Iodine'],['http://en.wikipedia.org/wiki/Iodine']
Iron contributes to normal cognitive development of children,Iron,['http://dbpedia.org/resource/Iron'],['http://en.wikipedia.org/wiki/Iron']
Phosphorus is needed for the normal growth and development of bone in children,Phosphorus,[''],['http://en.wikipedia.org/wiki/Phosphorus_(beetle)']
Protein is needed for normal growth and development of bone in children,Protein,['http://dbpedia.org/resource/Protein_(nutrient)'],['http://en.wikipedia.org/wiki/Protein_(nutrient)']
Vitamin D contributes to the normal function of the immune system in children,Vitamin D,"['http://dbpedia.org/resource/Vitamin', 'http://dbpedia.org/resource/Vitamin_D']","['http://en.wikipedia.org/wiki/Vitamin', 'http://en.wikipedia.org/wiki/Vitamin_D']"
Vitamin D is needed for normal growth and development of bone in children,Vitamin D,"['http://dbpedia.org/resource/Vitamin', 'http://dbpedia.org/resource/Vitamin_D']","['http://en.wikipedia.org/wiki/Vitamin', 'http://en.wikipedia.org/wiki/Vitamin_D']"
